datum,hodina,proces,celkem,pozde
2026-08-11,0,1. Pick,25753,34
2026-08-11,0,2. Pack,504,11
2026-08-11,0,5. EXP (DLT),439,6
2026-08-11,1,1. Pick,31996,17
2026-08-11,1,2. Pack,57519,102
2026-08-11,1,3. Sort,26042,89
2026-08-11,1,6. BJ (LT),1941,28
2026-08-11,2,1. Pick,14935,28
2026-08-11,2,2. Pack,14735,31
2026-08-11,2,3. Sort,31996,252
2026-08-11,2,4. EXP (ČS),26042,103
2026-08-11,2,5. EXP (DLT),26042,103
2026-08-11,2,6. BJ (LT),1153,45
2026-08-11,2,7. BJ (ČS),1939,28
2026-08-11,3,1. Pick,16059,7
2026-08-11,3,2. Pack,16274,41
2026-08-11,3,3. Sort,14753,169
2026-08-11,3,4. EXP (ČS),31996,1171
2026-08-11,3,5. EXP (DLT),31996,580
2026-08-11,3,6. BJ (LT),1059,22
2026-08-11,3,7. BJ (ČS),1153,66
2026-08-11,4,1. Pick,18,0
2026-08-11,4,3. Sort,16059,106
2026-08-11,4,4. EXP (ČS),14871,106
2026-08-11,4,5. EXP (DLT),14761,48
2026-08-11,4,6. BJ (LT),730,18
2026-08-11,4,7. BJ (ČS),1061,32
2026-08-11,5,1. Pick,594,49
2026-08-11,5,2. Pack,612,34
2026-08-11,5,3. Sort,96,14
2026-08-11,5,4. EXP (ČS),15941,1572
2026-08-11,5,5. EXP (DLT),16051,122
2026-08-11,5,6. BJ (LT),10,5
2026-08-11,5,7. BJ (ČS),722,100
2026-08-11,6,1. Pick,39,2
2026-08-11,6,2. Pack,39,0
2026-08-11,6,3. Sort,535,27
2026-08-11,6,4. EXP (ČS),187,26
2026-08-11,6,5. EXP (DLT),187,26
2026-08-11,6,6. BJ (LT),61,8
2026-08-11,6,7. BJ (ČS),31,7
2026-08-11,7,1. Pick,146,1
2026-08-11,7,2. Pack,143,0
2026-08-11,7,3. Sort,363,11
2026-08-11,7,4. EXP (ČS),559,8
2026-08-11,7,5. EXP (DLT),459,6
2026-08-11,7,6. BJ (LT),18,10
2026-08-11,7,7. BJ (ČS),58,18
2026-08-11,8,1. Pick,1691,62
2026-08-11,8,2. Pack,393,1
2026-08-11,8,3. Sort,44,3
2026-08-11,8,4. EXP (ČS),246,26
2026-08-11,8,5. EXP (DLT),122,6
2026-08-11,8,6. BJ (LT),6,5
2026-08-11,8,7. BJ (ČS),10,6
2026-08-11,9,1. Pick,1530,73
2026-08-11,9,2. Pack,1338,0
2026-08-11,9,3. Sort,1678,41
2026-08-11,9,4. EXP (ČS),53,1
2026-08-11,9,5. EXP (DLT),88,3
2026-08-11,9,6. BJ (LT),504,41
2026-08-11,9,7. BJ (ČS),86,80
2026-08-11,10,1. Pick,1386,9
2026-08-11,10,2. Pack,1999,85
2026-08-11,10,3. Sort,62,3
2026-08-11,10,4. EXP (ČS),1701,24
2026-08-11,10,5. EXP (DLT),1705,23
2026-08-11,10,6. BJ (LT),4,0
2026-08-11,10,7. BJ (ČS),418,13
2026-08-11,11,1. Pick,2473,3
2026-08-11,11,2. Pack,963,1
2026-08-11,11,3. Sort,2037,125
2026-08-11,11,4. EXP (ČS),63,3
2026-08-11,11,5. EXP (DLT),63,3
2026-08-11,11,6. BJ (LT),277,26
2026-08-11,11,7. BJ (ČS),4,0
2026-08-11,12,1. Pick,2967,37
2026-08-11,12,2. Pack,2604,4
2026-08-11,12,3. Sort,3284,67
2026-08-11,12,4. EXP (ČS),2007,100
2026-08-11,12,5. EXP (DLT),713,10
2026-08-11,12,6. BJ (LT),585,2
2026-08-11,12,7. BJ (ČS),277,21
2026-08-11,13,1. Pick,562,0
2026-08-11,13,2. Pack,784,0
2026-08-11,13,3. Sort,929,25
2026-08-11,13,4. EXP (ČS),3423,60
2026-08-11,13,5. EXP (DLT),1523,97
2026-08-11,13,6. BJ (LT),86,10
2026-08-11,13,7. BJ (ČS),571,7
2026-08-11,14,1. Pick,7572,5
2026-08-11,14,2. Pack,1743,4
2026-08-11,14,3. Sort,132,0
2026-08-11,14,4. EXP (ČS),972,25
2026-08-11,14,5. EXP (DLT),3210,42
2026-08-11,14,6. BJ (LT),3,3
2026-08-11,14,7. BJ (ČS),82,6
2026-08-11,15,1. Pick,439,1
2026-08-11,15,2. Pack,8491,7
2026-08-11,15,3. Sort,7522,159
2026-08-11,15,4. EXP (ČS),89,1
2026-08-11,15,5. EXP (DLT),506,1
2026-08-11,15,6. BJ (LT),863,202
2026-08-11,15,7. BJ (ČS),3,3
2026-08-11,16,1. Pick,335,0
2026-08-11,16,2. Pack,356,1
2026-08-11,16,3. Sort,2734,24
2026-08-11,16,4. EXP (ČS),7546,55
2026-08-11,16,5. EXP (DLT),6136,34
2026-08-11,16,6. BJ (LT),270,119
2026-08-11,16,7. BJ (ČS),941,163
2026-08-11,17,1. Pick,27,1
2026-08-11,17,2. Pack,314,0
2026-08-11,17,3. Sort,316,6
2026-08-11,17,4. EXP (ČS),2700,19
2026-08-11,17,5. EXP (DLT),1735,22
2026-08-11,17,6. BJ (LT),18,2
2026-08-11,17,7. BJ (ČS),65,14
2026-08-11,18,1. Pick,39,0
2026-08-11,18,2. Pack,39,0
2026-08-11,18,3. Sort,288,4
2026-08-11,18,4. EXP (ČS),324,3
2026-08-11,18,5. EXP (DLT),2699,21
2026-08-11,18,6. BJ (LT),36,1
2026-08-11,18,7. BJ (ČS),18,0
2026-08-11,19,1. Pick,12,0
2026-08-11,19,2. Pack,12,0
2026-08-11,19,3. Sort,14,1
2026-08-11,19,4. EXP (ČS),264,1
2026-08-11,19,5. EXP (DLT),65,0
2026-08-11,19,7. BJ (ČS),36,3
2026-08-11,20,1. Pick,2948,35
2026-08-11,20,2. Pack,1550,83
2026-08-11,20,3. Sort,113,1
2026-08-11,20,4. EXP (ČS),113,0
2026-08-11,20,5. EXP (DLT),249,1
2026-08-11,20,6. BJ (LT),10,2
2026-08-11,20,7. BJ (ČS),10,0
2026-08-11,21,1. Pick,570,32
2026-08-11,21,2. Pack,1799,6
2026-08-11,21,3. Sort,2897,119
2026-08-11,21,5. EXP (DLT),113,0
2026-08-11,21,6. BJ (LT),302,52
2026-08-11,22,1. Pick,303,35
2026-08-11,22,2. Pack,472,42
2026-08-11,22,3. Sort,508,6
2026-08-11,22,4. EXP (ČS),3024,151
2026-08-11,22,5. EXP (DLT),1901,23
2026-08-11,22,6. BJ (LT),58,1
2026-08-11,22,7. BJ (ČS),303,40
2026-08-11,23,1. Pick,289,74
2026-08-11,23,3. Sort,303,46
2026-08-11,23,4. EXP (ČS),812,31
2026-08-11,23,5. EXP (DLT),1156,37
2026-08-11,23,7. BJ (ČS),56,0
2026-08-12,0,1. Pick,26923,16
2026-08-12,0,2. Pack,509,7
2026-08-12,0,5. EXP (DLT),438,15
2026-08-12,1,1. Pick,34513,22
2026-08-12,1,2. Pack,61184,61
2026-08-12,1,3. Sort,27194,113
2026-08-12,1,6. BJ (LT),1685,105
2026-08-12,2,1. Pick,17094,59
2026-08-12,2,2. Pack,16885,28
2026-08-12,2,3. Sort,34513,453
2026-08-12,2,4. EXP (ČS),27194,176
2026-08-12,2,5. EXP (DLT),27194,175
2026-08-12,2,6. BJ (LT),984,113
2026-08-12,2,7. BJ (ČS),1685,112
2026-08-12,3,1. Pick,17432,15
2026-08-12,3,2. Pack,17655,85
2026-08-12,3,3. Sort,16943,208
2026-08-12,3,4. EXP (ČS),34513,119
2026-08-12,3,5. EXP (DLT),34513,119
2026-08-12,3,6. BJ (LT),933,27
2026-08-12,3,7. BJ (ČS),984,114
2026-08-12,4,1. Pick,22,0
2026-08-12,4,3. Sort,17432,188
2026-08-12,4,4. EXP (ČS),17067,113
2026-08-12,4,5. EXP (DLT),16947,108
2026-08-12,4,6. BJ (LT),650,27
2026-08-12,4,7. BJ (ČS),942,33
2026-08-12,5,1. Pick,625,21
2026-08-12,5,2. Pack,647,22
2026-08-12,5,3. Sort,85,1
2026-08-12,5,4. EXP (ČS),17308,117
2026-08-12,5,5. EXP (DLT),17428,122
2026-08-12,5,6. BJ (LT),5,1
2026-08-12,5,7. BJ (ČS),641,26
2026-08-12,6,1. Pick,53,0
2026-08-12,6,2. Pack,52,1
2026-08-12,6,3. Sort,516,30
2026-08-12,6,4. EXP (ČS),227,33
2026-08-12,6,5. EXP (DLT),227,33
2026-08-12,6,6. BJ (LT),51,32
2026-08-12,6,7. BJ (ČS),18,8
2026-08-12,7,1. Pick,81,0
2026-08-12,7,2. Pack,81,0
2026-08-12,7,3. Sort,314,15
2026-08-12,7,4. EXP (ČS),465,0
2026-08-12,7,5. EXP (DLT),455,0
2026-08-12,7,6. BJ (LT),22,16
2026-08-12,7,7. BJ (ČS),65,50
2026-08-12,8,1. Pick,1473,2
2026-08-12,8,2. Pack,366,0
2026-08-12,8,3. Sort,27,1
2026-08-12,8,4. EXP (ČS),249,46
2026-08-12,8,5. EXP (DLT),25,0
2026-08-12,8,6. BJ (LT),2,2
2026-08-12,8,7. BJ (ČS),3,3
2026-08-12,9,1. Pick,1369,1
2026-08-12,9,2. Pack,1140,4
2026-08-12,9,3. Sort,1478,11
2026-08-12,9,4. EXP (ČS),51,2
2026-08-12,9,5. EXP (DLT),103,16
2026-08-12,9,6. BJ (LT),461,62
2026-08-12,9,7. BJ (ČS),104,103
2026-08-12,10,1. Pick,1395,72
2026-08-12,10,2. Pack,1765,5
2026-08-12,10,3. Sort,83,10
2026-08-12,10,4. EXP (ČS),1514,25
2026-08-12,10,5. EXP (DLT),1514,25
2026-08-12,10,6. BJ (LT),2,0
2026-08-12,10,7. BJ (ČS),357,55
2026-08-12,11,1. Pick,2473,1
2026-08-12,11,2. Pack,1031,15
2026-08-12,11,3. Sort,1755,37
2026-08-12,11,4. EXP (ČS),61,6
2026-08-12,11,5. EXP (DLT),61,5
2026-08-12,11,6. BJ (LT),318,39
2026-08-12,11,7. BJ (ČS),2,0
2026-08-12,12,1. Pick,2801,1
2026-08-12,12,2. Pack,2678,9
2026-08-12,12,3. Sort,3385,76
2026-08-12,12,4. EXP (ČS),1738,27
2026-08-12,12,5. EXP (DLT),611,5
2026-08-12,12,6. BJ (LT),470,14
2026-08-12,12,7. BJ (ČS),318,30
2026-08-12,13,1. Pick,546,0
2026-08-12,13,2. Pack,734,0
2026-08-12,13,3. Sort,917,13
2026-08-12,13,4. EXP (ČS),3515,66
2026-08-12,13,5. EXP (DLT),1355,8
2026-08-12,13,6. BJ (LT),85,10
2026-08-12,13,7. BJ (ČS),457,8
2026-08-12,14,1. Pick,7095,13
2026-08-12,14,2. Pack,1537,16
2026-08-12,14,3. Sort,154,5
2026-08-12,14,4. EXP (ČS),992,32
2026-08-12,14,5. EXP (DLT),3787,36
2026-08-12,14,7. BJ (ČS),80,5
2026-08-12,15,1. Pick,439,22
2026-08-12,15,2. Pack,8063,21
2026-08-12,15,3. Sort,7041,70
2026-08-12,15,4. EXP (ČS),58,2
2026-08-12,15,5. EXP (DLT),452,3
2026-08-12,15,6. BJ (LT),706,87
2026-08-12,16,1. Pick,235,0
2026-08-12,16,2. Pack,320,0
2026-08-12,16,3. Sort,2564,32
2026-08-12,16,4. EXP (ČS),7080,64
2026-08-12,16,5. EXP (DLT),5854,41
2026-08-12,16,6. BJ (LT),226,12
2026-08-12,16,7. BJ (ČS),709,68
2026-08-12,17,1. Pick,25,0
2026-08-12,17,2. Pack,218,0
2026-08-12,17,3. Sort,221,2
2026-08-12,17,4. EXP (ČS),2522,31
2026-08-12,17,5. EXP (DLT),1521,28
2026-08-12,17,6. BJ (LT),24,4
2026-08-12,17,7. BJ (ČS),82,3
2026-08-12,18,1. Pick,35,0
2026-08-12,18,2. Pack,33,0
2026-08-12,18,3. Sort,256,2
2026-08-12,18,4. EXP (ČS),224,2
2026-08-12,18,5. EXP (DLT),2451,24
2026-08-12,18,6. BJ (LT),50,1
2026-08-12,18,7. BJ (ČS),24,4
2026-08-12,19,1. Pick,6,0
2026-08-12,19,2. Pack,8,0
2026-08-12,19,3. Sort,13,3
2026-08-12,19,4. EXP (ČS),241,2
2026-08-12,19,5. EXP (DLT),78,9
2026-08-12,19,7. BJ (ČS),50,1
2026-08-12,20,1. Pick,2150,36
2026-08-12,20,2. Pack,1005,15
2026-08-12,20,3. Sort,115,1
2026-08-12,20,4. EXP (ČS),115,1
2026-08-12,20,5. EXP (DLT),227,0
2026-08-12,20,6. BJ (LT),12,1
2026-08-12,20,7. BJ (ČS),12,1
2026-08-12,21,1. Pick,677,3
2026-08-12,21,2. Pack,1712,3
2026-08-12,21,3. Sort,2113,34
2026-08-12,21,5. EXP (DLT),115,1
2026-08-12,21,6. BJ (LT),231,26
2026-08-12,22,1. Pick,197,0
2026-08-12,22,2. Pack,307,1
2026-08-12,22,3. Sort,599,11
2026-08-12,22,4. EXP (ČS),2227,26
2026-08-12,22,5. EXP (DLT),1657,20
2026-08-12,22,6. BJ (LT),83,4
2026-08-12,22,7. BJ (ČS),231,8
2026-08-12,23,1. Pick,271,33
2026-08-12,23,3. Sort,197,9
2026-08-12,23,4. EXP (ČS),793,18
2026-08-12,23,5. EXP (DLT),1338,14
2026-08-12,23,6. BJ (LT),39,0
2026-08-12,23,7. BJ (ČS),122,5
2026-08-13,0,1. Pick,22303,97
2026-08-13,0,2. Pack,413,4
2026-08-13,0,4. EXP (ČS),1,1
2026-08-13,0,5. EXP (DLT),351,1
2026-08-13,1,1. Pick,28224,68
2026-08-13,1,2. Pack,50281,7752
2026-08-13,1,3. Sort,22489,1400
2026-08-13,1,6. BJ (LT),1557,48
2026-08-13,2,1. Pick,13883,32
2026-08-13,2,2. Pack,13703,33
2026-08-13,2,3. Sort,28224,3268
2026-08-13,2,4. EXP (ČS),22489,203
2026-08-13,2,5. EXP (DLT),22489,200
2026-08-13,2,6. BJ (LT),921,7
2026-08-13,2,7. BJ (ČS),1552,38
2026-08-13,3,1. Pick,14886,6
2026-08-13,3,2. Pack,15085,10
2026-08-13,3,3. Sort,13743,79
2026-08-13,3,4. EXP (ČS),28224,305
2026-08-13,3,5. EXP (DLT),28224,272
2026-08-13,3,6. BJ (LT),876,35
2026-08-13,3,7. BJ (ČS),921,10
2026-08-13,4,1. Pick,24,0
2026-08-13,4,3. Sort,14886,42
2026-08-13,4,4. EXP (ČS),13827,79
2026-08-13,4,5. EXP (DLT),13744,79
2026-08-13,4,6. BJ (LT),524,8
2026-08-13,4,7. BJ (ČS),880,28
2026-08-13,5,1. Pick,546,3
2026-08-13,5,2. Pack,570,3
2026-08-13,5,3. Sort,73,1
2026-08-13,5,4. EXP (ČS),14802,37
2026-08-13,5,5. EXP (DLT),14885,37
2026-08-13,5,6. BJ (LT),10,1
2026-08-13,5,7. BJ (ČS),520,6
2026-08-13,6,1. Pick,20,2
2026-08-13,6,2. Pack,20,1
2026-08-13,6,3. Sort,562,23
2026-08-13,6,4. EXP (ČS),196,23
2026-08-13,6,5. EXP (DLT),196,23
2026-08-13,6,6. BJ (LT),147,6
2026-08-13,6,7. BJ (ČS),104,7
2026-08-13,7,1. Pick,118,0
2026-08-13,7,2. Pack,116,0
2026-08-13,7,3. Sort,287,2
2026-08-13,7,4. EXP (ČS),563,1
2026-08-13,7,5. EXP (DLT),563,1
2026-08-13,7,6. BJ (LT),25,17
2026-08-13,7,7. BJ (ČS),73,25
2026-08-13,8,1. Pick,1490,39
2026-08-13,8,2. Pack,369,0
2026-08-13,8,3. Sort,38,1
2026-08-13,8,4. EXP (ČS),190,0
2026-08-13,8,5. EXP (DLT),19,0
2026-08-13,8,7. BJ (ČS),1,0
2026-08-13,9,1. Pick,1100,1
2026-08-13,9,2. Pack,1155,0
2026-08-13,9,3. Sort,1485,5
2026-08-13,9,4. EXP (ČS),60,0
2026-08-13,9,5. EXP (DLT),80,0
2026-08-13,9,6. BJ (LT),409,32
2026-08-13,9,7. BJ (ČS),28,24
2026-08-13,10,1. Pick,1388,39
2026-08-13,10,2. Pack,1446,10
2026-08-13,10,3. Sort,60,2
2026-08-13,10,4. EXP (ČS),1491,8
2026-08-13,10,5. EXP (DLT),1491,5
2026-08-13,10,6. BJ (LT),11,0
2026-08-13,10,7. BJ (ČS),381,9
2026-08-13,11,1. Pick,1374,0
2026-08-13,11,2. Pack,1113,3
2026-08-13,11,3. Sort,1494,21
2026-08-13,11,4. EXP (ČS),97,4
2026-08-13,11,5. EXP (DLT),97,4
2026-08-13,11,6. BJ (LT),266,14
2026-08-13,11,7. BJ (ČS),11,0
2026-08-13,12,1. Pick,2282,71
2026-08-13,12,2. Pack,1539,43
2026-08-13,12,3. Sort,2318,14
2026-08-13,12,4. EXP (ČS),1457,6
2026-08-13,12,5. EXP (DLT),574,1
2026-08-13,12,6. BJ (LT),285,0
2026-08-13,12,7. BJ (ČS),266,11
2026-08-13,13,1. Pick,475,0
2026-08-13,13,2. Pack,726,0
2026-08-13,13,3. Sort,898,10
2026-08-13,13,4. EXP (ČS),2382,6
2026-08-13,13,5. EXP (DLT),1086,5
2026-08-13,13,6. BJ (LT),108,9
2026-08-13,13,7. BJ (ČS),269,7
2026-08-13,14,1. Pick,6146,34
2026-08-13,14,2. Pack,1410,7
2026-08-13,14,3. Sort,106,1
2026-08-13,14,4. EXP (ČS),943,3
2026-08-13,14,5. EXP (DLT),3904,4
2026-08-13,14,7. BJ (ČS),101,2
2026-08-13,15,1. Pick,388,12
2026-08-13,15,2. Pack,6558,16
2026-08-13,15,3. Sort,6132,70
2026-08-13,15,4. EXP (ČS),60,0
2026-08-13,15,5. EXP (DLT),427,0
2026-08-13,15,6. BJ (LT),587,48
2026-08-13,16,1. Pick,231,1
2026-08-13,16,2. Pack,375,1
2026-08-13,16,3. Sort,1992,19
2026-08-13,16,4. EXP (ČS),6140,53
2026-08-13,16,5. EXP (DLT),4947,38
2026-08-13,16,6. BJ (LT),231,46
2026-08-13,16,7. BJ (ČS),609,40
2026-08-13,17,1. Pick,42,0
2026-08-13,17,2. Pack,220,1
2026-08-13,17,3. Sort,224,32
2026-08-13,17,4. EXP (ČS),1989,17
2026-08-13,17,5. EXP (DLT),1566,17
2026-08-13,17,6. BJ (LT),16,4
2026-08-13,17,7. BJ (ČS),84,16
2026-08-13,18,1. Pick,31,0
2026-08-13,18,2. Pack,38,0
2026-08-13,18,3. Sort,200,0
2026-08-13,18,4. EXP (ČS),217,49
2026-08-13,18,5. EXP (DLT),1833,64
2026-08-13,18,6. BJ (LT),59,0
2026-08-13,18,7. BJ (ČS),16,8
2026-08-13,19,1. Pick,19,0
2026-08-13,19,2. Pack,19,0
2026-08-13,19,3. Sort,21,0
2026-08-13,19,4. EXP (ČS),184,0
2026-08-13,19,5. EXP (DLT),72,0
2026-08-13,19,7. BJ (ČS),59,0
2026-08-13,20,1. Pick,1734,34
2026-08-13,20,2. Pack,802,18
2026-08-13,20,3. Sort,45,2
2026-08-13,20,4. EXP (ČS),45,0
2026-08-13,20,5. EXP (DLT),162,0
2026-08-13,20,6. BJ (LT),16,7
2026-08-13,20,7. BJ (ČS),16,0
2026-08-13,21,1. Pick,536,13
2026-08-13,21,2. Pack,1328,13
2026-08-13,21,3. Sort,1756,39
2026-08-13,21,5. EXP (DLT),45,0
2026-08-13,21,6. BJ (LT),218,5
2026-08-13,22,1. Pick,244,0
2026-08-13,22,2. Pack,384,4
2026-08-13,22,3. Sort,469,16
2026-08-13,22,4. EXP (ČS),1907,48
2026-08-13,22,5. EXP (DLT),1370,18
2026-08-13,22,6. BJ (LT),47,2
2026-08-13,22,7. BJ (ČS),220,8
2026-08-13,23,1. Pick,187,0
2026-08-13,23,2. Pack,1,0
2026-08-13,23,3. Sort,248,6
2026-08-13,23,4. EXP (ČS),714,29
2026-08-13,23,5. EXP (DLT),812,30
2026-08-13,23,6. BJ (LT),4,0
2026-08-13,23,7. BJ (ČS),51,0
2026-08-14,0,1. Pick,19495,119
2026-08-14,0,2. Pack,336,0
2026-08-14,0,5. EXP (DLT),490,0
2026-08-14,1,1. Pick,24387,46
2026-08-14,1,2. Pack,43670,130
2026-08-14,1,3. Sort,19632,272
2026-08-14,1,6. BJ (LT),1464,42
2026-08-14,2,1. Pick,12190,14
2026-08-14,2,2. Pack,12058,7
2026-08-14,2,3. Sort,24387,411
2026-08-14,2,4. EXP (ČS),19632,138
2026-08-14,2,5. EXP (DLT),19632,137
2026-08-14,2,6. BJ (LT),820,26
2026-08-14,2,7. BJ (ČS),1460,41
2026-08-14,3,1. Pick,13788,7
2026-08-14,3,2. Pack,13933,7
2026-08-14,3,3. Sort,12114,284
2026-08-14,3,4. EXP (ČS),24387,58
2026-08-14,3,5. EXP (DLT),24387,58
2026-08-14,3,6. BJ (LT),864,34
2026-08-14,3,7. BJ (ČS),819,28
2026-08-14,4,1. Pick,21,0
2026-08-14,4,3. Sort,13788,25
2026-08-14,4,4. EXP (ČS),12162,34
2026-08-14,4,5. EXP (DLT),12118,31
2026-08-14,4,6. BJ (LT),553,17
2026-08-14,4,7. BJ (ČS),866,33
2026-08-14,5,1. Pick,432,2
2026-08-14,5,2. Pack,453,2
2026-08-14,5,3. Sort,65,1
2026-08-14,5,4. EXP (ČS),13740,26
2026-08-14,5,5. EXP (DLT),13784,26
2026-08-14,5,6. BJ (LT),6,1
2026-08-14,5,7. BJ (ČS),549,19
2026-08-14,6,1. Pick,165,4
2026-08-14,6,2. Pack,165,0
2026-08-14,6,3. Sort,497,0
2026-08-14,6,4. EXP (ČS),175,0
2026-08-14,6,5. EXP (DLT),175,0
2026-08-14,6,6. BJ (LT),54,5
2026-08-14,6,7. BJ (ČS),22,8
2026-08-14,7,1. Pick,86,1
2026-08-14,7,2. Pack,86,1
2026-08-14,7,3. Sort,390,34
2026-08-14,7,4. EXP (ČS),480,14
2026-08-14,7,5. EXP (DLT),480,14
2026-08-14,7,6. BJ (LT),24,16
2026-08-14,7,7. BJ (ČS),65,23
2026-08-14,8,1. Pick,1628,53
2026-08-14,8,2. Pack,420,5
2026-08-14,8,3. Sort,80,4
2026-08-14,8,4. EXP (ČS),351,2
2026-08-14,8,5. EXP (DLT),46,0
2026-08-14,8,7. BJ (ČS),2,1
2026-08-14,9,1. Pick,51,0
2026-08-14,9,2. Pack,1236,2
2026-08-14,9,3. Sort,1577,17
2026-08-14,9,4. EXP (ČS),73,0
2026-08-14,9,5. EXP (DLT),238,0
2026-08-14,9,6. BJ (LT),402,13
2026-08-14,9,7. BJ (ČS),59,54
2026-08-14,10,1. Pick,309,0
2026-08-14,10,2. Pack,327,0
2026-08-14,10,3. Sort,48,1
2026-08-14,10,4. EXP (ČS),1577,8
2026-08-14,10,5. EXP (DLT),1577,8
2026-08-14,10,6. BJ (LT),4,0
2026-08-14,10,7. BJ (ČS),343,3
2026-08-14,11,1. Pick,1848,2
2026-08-14,11,2. Pack,76,0
2026-08-14,11,3. Sort,350,16
2026-08-14,11,4. EXP (ČS),63,2
2026-08-14,11,5. EXP (DLT),63,0
2026-08-14,11,6. BJ (LT),129,14
2026-08-14,11,7. BJ (ČS),4,0
2026-08-14,12,1. Pick,400,21
2026-08-14,12,2. Pack,1947,24
2026-08-14,12,3. Sort,1840,53
2026-08-14,12,4. EXP (ČS),356,18
2026-08-14,12,5. EXP (DLT),496,19
2026-08-14,12,6. BJ (LT),223,5
2026-08-14,12,7. BJ (ČS),129,5
2026-08-14,13,1. Pick,38,1
2026-08-14,13,2. Pack,257,31
2026-08-14,13,3. Sort,329,4
2026-08-14,13,4. EXP (ČS),1906,39
2026-08-14,13,5. EXP (DLT),43,0
2026-08-14,13,6. BJ (LT),34,10
2026-08-14,13,7. BJ (ČS),219,1
2026-08-14,14,1. Pick,5323,13
2026-08-14,14,2. Pack,954,11
2026-08-14,14,3. Sort,115,0
2026-08-14,14,4. EXP (ČS),381,0
2026-08-14,14,5. EXP (DLT),2095,27
2026-08-14,14,7. BJ (ČS),34,10
2026-08-14,15,1. Pick,265,28
2026-08-14,15,2. Pack,4428,30
2026-08-14,15,3. Sort,5298,100
2026-08-14,15,4. EXP (ČS),55,1
2026-08-14,15,5. EXP (DLT),55,1
2026-08-14,15,6. BJ (LT),686,245
2026-08-14,16,1. Pick,46,0
2026-08-14,16,2. Pack,262,0
2026-08-14,16,3. Sort,268,3
2026-08-14,16,4. EXP (ČS),5329,64
2026-08-14,16,5. EXP (DLT),4452,50
2026-08-14,16,6. BJ (LT),37,10
2026-08-14,16,7. BJ (ČS),696,166
2026-08-14,17,1. Pick,69,1
2026-08-14,17,2. Pack,64,1
2026-08-14,17,3. Sort,66,6
2026-08-14,17,4. EXP (ČS),268,6
2026-08-14,17,5. EXP (DLT),1145,20
2026-08-14,17,7. BJ (ČS),27,3
2026-08-14,18,1. Pick,29,0
2026-08-14,18,2. Pack,30,0
2026-08-14,18,3. Sort,30,4
2026-08-14,18,4. EXP (ČS),32,2
2026-08-14,18,5. EXP (DLT),32,2
2026-08-14,19,1. Pick,56,1
2026-08-14,19,2. Pack,61,0
2026-08-14,19,3. Sort,62,5
2026-08-14,19,4. EXP (ČS),63,3
2026-08-14,19,5. EXP (DLT),102,3
2026-08-14,20,1. Pick,1569,10
2026-08-14,20,2. Pack,820,12
2026-08-14,20,3. Sort,28,0
2026-08-14,20,4. EXP (ČS),28,0
2026-08-14,20,6. BJ (LT),17,1
2026-08-14,20,7. BJ (ČS),17,1
2026-08-14,21,1. Pick,299,19
2026-08-14,21,2. Pack,976,46
2026-08-14,21,3. Sort,1577,51
2026-08-14,21,5. EXP (DLT),28,0
2026-08-14,21,6. BJ (LT),268,31
2026-08-14,22,1. Pick,304,0
2026-08-14,22,2. Pack,376,0
2026-08-14,22,3. Sort,263,0
2026-08-14,22,4. EXP (ČS),1645,22
2026-08-14,22,5. EXP (DLT),1124,5
2026-08-14,22,6. BJ (LT),28,0
2026-08-14,22,7. BJ (ČS),269,16
2026-08-14,23,1. Pick,137,0
2026-08-14,23,3. Sort,318,50
2026-08-14,23,4. EXP (ČS),578,4
2026-08-14,23,5. EXP (DLT),736,17
2026-08-14,23,6. BJ (LT),109,0
2026-08-14,23,7. BJ (ČS),139,2
2026-08-15,0,1. Pick,22436,137
2026-08-15,0,2. Pack,577,1
2026-08-15,0,5. EXP (DLT),658,0
2026-08-15,1,1. Pick,28149,211
2026-08-15,1,2. Pack,50363,618
2026-08-15,1,3. Sort,22813,208
2026-08-15,1,6. BJ (LT),645,49
2026-08-15,2,1. Pick,13332,7
2026-08-15,2,2. Pack,13129,25
2026-08-15,2,3. Sort,28149,518
2026-08-15,2,4. EXP (ČS),22813,212
2026-08-15,2,5. EXP (DLT),22813,212
2026-08-15,2,6. BJ (LT),307,38
2026-08-15,2,7. BJ (ČS),645,47
2026-08-15,3,1. Pick,15749,6
2026-08-15,3,2. Pack,15974,8
2026-08-15,3,3. Sort,13141,252
2026-08-15,3,4. EXP (ČS),28149,118
2026-08-15,3,5. EXP (DLT),28149,112
2026-08-15,3,6. BJ (LT),246,11
2026-08-15,3,7. BJ (ČS),307,35
2026-08-15,4,1. Pick,23,0
2026-08-15,4,3. Sort,15749,37
2026-08-15,4,4. EXP (ČS),13214,126
2026-08-15,4,5. EXP (DLT),13148,126
2026-08-15,4,6. BJ (LT),186,4
2026-08-15,4,7. BJ (ČS),248,11
2026-08-15,5,1. Pick,579,2
2026-08-15,5,2. Pack,602,1
2026-08-15,5,3. Sort,69,0
2026-08-15,5,4. EXP (ČS),15676,37
2026-08-15,5,5. EXP (DLT),15742,37
2026-08-15,5,6. BJ (LT),10,6
2026-08-15,5,7. BJ (ČS),184,4
2026-08-15,6,3. Sort,388,2
2026-08-15,6,4. EXP (ČS),145,1
2026-08-15,6,5. EXP (DLT),145,1
2026-08-15,6,6. BJ (LT),59,9
2026-08-15,6,7. BJ (ČS),24,5
2026-08-15,7,1. Pick,94,0
2026-08-15,7,2. Pack,94,0
2026-08-15,7,3. Sort,168,1
2026-08-15,7,4. EXP (ČS),398,2
2026-08-15,7,5. EXP (DLT),398,2
2026-08-15,7,6. BJ (LT),23,12
2026-08-15,7,7. BJ (ČS),65,29
2026-08-15,8,1. Pick,1246,6
2026-08-15,8,2. Pack,203,0
2026-08-15,8,3. Sort,40,1
2026-08-15,8,4. EXP (ČS),103,2
2026-08-15,8,5. EXP (DLT),27,0
2026-08-15,9,1. Pick,51,0
2026-08-15,9,2. Pack,1082,0
2026-08-15,9,3. Sort,1244,10
2026-08-15,9,4. EXP (ČS),50,5
2026-08-15,9,5. EXP (DLT),50,5
2026-08-15,9,6. BJ (LT),267,9
2026-08-15,9,7. BJ (ČS),16,9
2026-08-15,10,1. Pick,357,25
2026-08-15,10,2. Pack,359,0
2026-08-15,10,3. Sort,68,5
2026-08-15,10,4. EXP (ČS),1266,1
2026-08-15,10,5. EXP (DLT),1266,1
2026-08-15,10,7. BJ (ČS),251,3
2026-08-15,11,1. Pick,118,0
2026-08-15,11,2. Pack,118,0
2026-08-15,11,3. Sort,409,3
2026-08-15,11,4. EXP (ČS),77,1
2026-08-15,11,5. EXP (DLT),77,1
2026-08-15,11,6. BJ (LT),60,1
2026-08-15,12,1. Pick,585,14
2026-08-15,12,2. Pack,172,0
2026-08-15,12,3. Sort,51,6
2026-08-15,12,4. EXP (ČS),383,2
2026-08-15,12,5. EXP (DLT),459,3
2026-08-15,12,7. BJ (ČS),60,0
2026-08-15,13,1. Pick,40,0
2026-08-15,13,2. Pack,252,0
2026-08-15,13,3. Sort,346,2
2026-08-15,13,4. EXP (ČS),72,1
2026-08-15,13,5. EXP (DLT),65,1
2026-08-15,13,6. BJ (LT),36,17
2026-08-15,13,7. BJ (ČS),16,16
2026-08-15,14,1. Pick,5670,119
2026-08-15,14,2. Pack,1081,6
2026-08-15,14,3. Sort,84,3
2026-08-15,14,4. EXP (ČS),352,1
2026-08-15,14,5. EXP (DLT),1543,2
2026-08-15,14,7. BJ (ČS),21,0
2026-08-15,15,1. Pick,491,2
2026-08-15,15,2. Pack,4846,11
2026-08-15,15,3. Sort,5659,21
2026-08-15,15,4. EXP (ČS),65,2
2026-08-15,15,5. EXP (DLT),65,2
2026-08-15,15,6. BJ (LT),349,47
2026-08-15,16,1. Pick,29,0
2026-08-15,16,2. Pack,474,0
2026-08-15,16,3. Sort,519,2
2026-08-15,16,4. EXP (ČS),5649,18
2026-08-15,16,5. EXP (DLT),4634,11
2026-08-15,16,6. BJ (LT),22,8
2026-08-15,16,7. BJ (ČS),350,48
2026-08-15,17,1. Pick,41,1
2026-08-15,17,2. Pack,37,1
2026-08-15,17,3. Sort,206,14
2026-08-15,17,4. EXP (ČS),518,4
2026-08-15,17,5. EXP (DLT),1327,11
2026-08-15,17,6. BJ (LT),23,7
2026-08-15,17,7. BJ (ČS),20,6
2026-08-15,18,1. Pick,13,0
2026-08-15,18,2. Pack,14,0
2026-08-15,18,3. Sort,14,0
2026-08-15,18,4. EXP (ČS),181,7
2026-08-15,18,5. EXP (DLT),220,1
2026-08-15,18,7. BJ (ČS),24,8
2026-08-15,19,1. Pick,13,0
2026-08-15,19,2. Pack,16,0
2026-08-15,19,3. Sort,16,0
2026-08-15,19,4. EXP (ČS),18,0
2026-08-15,19,5. EXP (DLT),214,6
2026-08-15,20,1. Pick,3560,30
2026-08-15,20,2. Pack,2412,17
2026-08-15,20,3. Sort,152,8
2026-08-15,20,4. EXP (ČS),152,8
2026-08-15,20,6. BJ (LT),27,8
2026-08-15,20,7. BJ (ČS),27,2
2026-08-15,21,1. Pick,749,17
2026-08-15,21,2. Pack,1639,2
2026-08-15,21,3. Sort,3496,90
2026-08-15,21,4. EXP (ČS),1,1
2026-08-15,21,5. EXP (DLT),153,9
2026-08-15,21,6. BJ (LT),390,14
2026-08-15,22,1. Pick,422,0
2026-08-15,22,2. Pack,680,0
2026-08-15,22,3. Sort,661,10
2026-08-15,22,4. EXP (ČS),3685,59
2026-08-15,22,5. EXP (DLT),1538,35
2026-08-15,22,6. BJ (LT),82,0
2026-08-15,22,7. BJ (ČS),369,3
2026-08-15,23,1. Pick,377,0
2026-08-15,23,3. Sort,423,6
2026-08-15,23,4. EXP (ČS),1064,174
2026-08-15,23,5. EXP (DLT),1663,23
2026-08-15,23,6. BJ (LT),10,0
2026-08-15,23,7. BJ (ČS),86,0
2026-08-16,0,1. Pick,27820,13
2026-08-16,0,2. Pack,482,0
2026-08-16,0,5. EXP (DLT),343,4
2026-08-16,1,1. Pick,34400,26
2026-08-16,1,2. Pack,61942,3927
2026-08-16,1,3. Sort,28047,156
2026-08-16,1,6. BJ (LT),938,58
2026-08-16,2,1. Pick,15229,43
2026-08-16,2,2. Pack,15016,2
2026-08-16,2,3. Sort,34400,1597
2026-08-16,2,4. EXP (ČS),28047,150
2026-08-16,2,5. EXP (DLT),28047,145
2026-08-16,2,6. BJ (LT),864,67
2026-08-16,2,7. BJ (ČS),936,61
2026-08-16,3,1. Pick,17482,2
2026-08-16,3,2. Pack,17718,28
2026-08-16,3,3. Sort,15077,44
2026-08-16,3,4. EXP (ČS),34400,207
2026-08-16,3,5. EXP (DLT),34400,194
2026-08-16,3,6. BJ (LT),383,44
2026-08-16,3,7. BJ (ČS),864,76
2026-08-16,4,1. Pick,23,0
2026-08-16,4,3. Sort,17482,66
2026-08-16,4,4. EXP (ČS),15218,53
2026-08-16,4,5. EXP (DLT),15080,53
2026-08-16,4,6. BJ (LT),356,28
2026-08-16,4,7. BJ (ČS),425,82
2026-08-16,5,1. Pick,688,0
2026-08-16,5,2. Pack,711,1
2026-08-16,5,3. Sort,99,0
2026-08-16,5,4. EXP (ČS),17341,73
2026-08-16,5,5. EXP (DLT),17479,73
2026-08-16,5,6. BJ (LT),73,23
2026-08-16,5,7. BJ (ČS),356,34
2026-08-16,6,1. Pick,33,0
2026-08-16,6,2. Pack,33,0
2026-08-16,6,3. Sort,533,4
2026-08-16,6,4. EXP (ČS),158,1
2026-08-16,6,5. EXP (DLT),158,1
2026-08-16,6,6. BJ (LT),78,55
2026-08-16,6,7. BJ (ČS),23,11
2026-08-16,7,1. Pick,71,0
2026-08-16,7,2. Pack,70,0
2026-08-16,7,3. Sort,294,6
2026-08-16,7,4. EXP (ČS),513,0
2026-08-16,7,5. EXP (DLT),513,0
2026-08-16,7,6. BJ (LT),11,9
2026-08-16,7,7. BJ (ČS),74,33
2026-08-16,8,1. Pick,1361,22
2026-08-16,8,2. Pack,293,2
2026-08-16,8,3. Sort,44,3
2026-08-16,8,4. EXP (ČS),250,16
2026-08-16,8,5. EXP (DLT),26,1
2026-08-16,8,7. BJ (ČS),2,0
2026-08-16,9,1. Pick,2631,3
2026-08-16,9,2. Pack,1088,0
2026-08-16,9,3. Sort,1336,6
2026-08-16,9,4. EXP (ČS),35,2
2026-08-16,9,5. EXP (DLT),68,2
2026-08-16,9,6. BJ (LT),260,18
2026-08-16,9,7. BJ (ČS),19,11
2026-08-16,10,1. Pick,1969,20
2026-08-16,10,2. Pack,2973,15
2026-08-16,10,3. Sort,41,0
2026-08-16,10,4. EXP (ČS),1347,2
2026-08-16,10,5. EXP (DLT),1347,2
2026-08-16,10,6. BJ (LT),3,0
2026-08-16,10,7. BJ (ČS),241,10
2026-08-16,11,1. Pick,1706,3
2026-08-16,11,2. Pack,1717,17
2026-08-16,11,3. Sort,3045,51
2026-08-16,11,4. EXP (ČS),35,0
2026-08-16,11,5. EXP (DLT),35,0
2026-08-16,11,6. BJ (LT),349,9
2026-08-16,11,7. BJ (ČS),3,0
2026-08-16,12,1. Pick,4312,3
2026-08-16,12,2. Pack,1850,7
2026-08-16,12,3. Sort,3236,27
2026-08-16,12,4. EXP (ČS),3060,40
2026-08-16,12,5. EXP (DLT),653,18
2026-08-16,12,6. BJ (LT),266,3
2026-08-16,12,7. BJ (ČS),349,8
2026-08-16,13,1. Pick,1040,0
2026-08-16,13,2. Pack,1205,1
2026-08-16,13,3. Sort,1374,16
2026-08-16,13,4. EXP (ČS),3374,24
2026-08-16,13,5. EXP (DLT),2640,39
2026-08-16,13,6. BJ (LT),117,4
2026-08-16,13,7. BJ (ČS),243,6
2026-08-16,14,1. Pick,7550,2
2026-08-16,14,2. Pack,1835,4
2026-08-16,14,3. Sort,111,3
2026-08-16,14,4. EXP (ČS),1420,6
2026-08-16,14,5. EXP (DLT),2533,24
2026-08-16,14,7. BJ (ČS),114,1
2026-08-16,15,1. Pick,463,15
2026-08-16,15,2. Pack,9746,3
2026-08-16,15,3. Sort,7531,37
2026-08-16,15,4. EXP (ČS),71,1
2026-08-16,15,5. EXP (DLT),903,4
2026-08-16,15,6. BJ (LT),397,113
2026-08-16,16,1. Pick,281,0
2026-08-16,16,2. Pack,363,15
2026-08-16,16,3. Sort,4059,97
2026-08-16,16,4. EXP (ČS),7532,36
2026-08-16,16,5. EXP (DLT),6057,27
2026-08-16,16,6. BJ (LT),355,27
2026-08-16,16,7. BJ (ČS),409,77
2026-08-16,17,1. Pick,28,0
2026-08-16,17,2. Pack,271,0
2026-08-16,17,3. Sort,274,6
2026-08-16,17,4. EXP (ČS),4037,100
2026-08-16,17,5. EXP (DLT),1821,17
2026-08-16,17,6. BJ (LT),34,3
2026-08-16,17,7. BJ (ČS),99,7
2026-08-16,18,1. Pick,43,1
2026-08-16,18,2. Pack,41,0
2026-08-16,18,3. Sort,331,1
2026-08-16,18,4. EXP (ČS),289,241
2026-08-16,18,5. EXP (DLT),3980,333
2026-08-16,18,6. BJ (LT),116,1
2026-08-16,18,7. BJ (ČS),34,34
2026-08-16,19,1. Pick,13,0
2026-08-16,19,2. Pack,16,0
2026-08-16,19,3. Sort,16,0
2026-08-16,19,4. EXP (ČS),306,138
2026-08-16,19,5. EXP (DLT),66,0
2026-08-16,19,7. BJ (ČS),116,57
2026-08-16,20,1. Pick,2663,19
2026-08-16,20,2. Pack,1403,16
2026-08-16,20,3. Sort,185,9
2026-08-16,20,4. EXP (ČS),185,9
2026-08-16,20,5. EXP (DLT),290,138
2026-08-16,20,6. BJ (LT),23,12
2026-08-16,20,7. BJ (ČS),23,1
2026-08-16,21,1. Pick,669,42
2026-08-16,21,2. Pack,1757,34
2026-08-16,21,3. Sort,2538,86
2026-08-16,21,5. EXP (DLT),185,9
2026-08-16,21,6. BJ (LT),223,44
2026-08-16,22,1. Pick,126,8
2026-08-16,22,2. Pack,298,3
2026-08-16,22,3. Sort,609,23
2026-08-16,22,4. EXP (ČS),2602,89
2026-08-16,22,5. EXP (DLT),1806,35
2026-08-16,22,6. BJ (LT),60,12
2026-08-16,22,7. BJ (ČS),226,19
2026-08-16,23,1. Pick,227,30
2026-08-16,23,3. Sort,126,10
2026-08-16,23,4. EXP (ČS),722,141
2026-08-16,23,5. EXP (DLT),2156,48
2026-08-16,23,7. BJ (ČS),57,9
2026-08-17,0,1. Pick,28146,25
2026-08-17,0,2. Pack,553,19
2026-08-17,0,5. EXP (DLT),282,4
2026-08-17,1,1. Pick,32940,6
2026-08-17,1,2. Pack,60842,1924
2026-08-17,1,3. Sort,28469,619
2026-08-17,1,6. BJ (LT),2255,121
2026-08-17,2,1. Pick,15773,70
2026-08-17,2,2. Pack,15563,25
2026-08-17,2,3. Sort,32940,1418
2026-08-17,2,4. EXP (ČS),28469,198
2026-08-17,2,5. EXP (DLT),28469,191
2026-08-17,2,6. BJ (LT),1595,77
2026-08-17,2,7. BJ (ČS),2258,123
2026-08-17,3,1. Pick,17039,4
2026-08-17,3,2. Pack,17263,37
2026-08-17,3,3. Sort,15609,56
2026-08-17,3,4. EXP (ČS),32940,51
2026-08-17,3,5. EXP (DLT),32940,51
2026-08-17,3,6. BJ (LT),1478,48
2026-08-17,3,7. BJ (ČS),1601,78
2026-08-17,4,1. Pick,22,0
2026-08-17,4,3. Sort,17039,45
2026-08-17,4,4. EXP (ČS),15759,77
2026-08-17,4,5. EXP (DLT),15609,77
2026-08-17,4,6. BJ (LT),1004,34
2026-08-17,4,7. BJ (ČS),1480,58
2026-08-17,5,1. Pick,600,0
2026-08-17,5,2. Pack,622,0
2026-08-17,5,3. Sort,76,0
2026-08-17,5,4. EXP (ČS),16889,51
2026-08-17,5,5. EXP (DLT),17039,51
2026-08-17,5,6. BJ (LT),11,2
2026-08-17,5,7. BJ (ČS),996,39
2026-08-17,6,1. Pick,35,2
2026-08-17,6,2. Pack,35,2
2026-08-17,6,3. Sort,612,4
2026-08-17,6,4. EXP (ČS),256,9
2026-08-17,6,5. EXP (DLT),256,2
2026-08-17,6,6. BJ (LT),36,4
2026-08-17,6,7. BJ (ČS),84,25
2026-08-17,7,1. Pick,111,0
2026-08-17,7,2. Pack,111,0
2026-08-17,7,3. Sort,296,9
2026-08-17,7,4. EXP (ČS),564,1
2026-08-17,7,5. EXP (DLT),564,1
2026-08-17,7,6. BJ (LT),23,13
2026-08-17,7,7. BJ (ČS),44,19
2026-08-17,8,1. Pick,1110,7
2026-08-17,8,2. Pack,370,0
2026-08-17,8,3. Sort,32,0
2026-08-17,8,4. EXP (ČS),203,28
2026-08-17,8,5. EXP (DLT),16,0
2026-08-17,8,7. BJ (ČS),5,0
2026-08-17,9,1. Pick,1192,2
2026-08-17,9,2. Pack,787,0
2026-08-17,9,3. Sort,1126,17
2026-08-17,9,4. EXP (ČS),71,1
2026-08-17,9,5. EXP (DLT),106,3
2026-08-17,9,6. BJ (LT),432,41
2026-08-17,9,7. BJ (ČS),43,36
2026-08-17,10,1. Pick,1951,61
2026-08-17,10,2. Pack,1590,153
2026-08-17,10,3. Sort,43,3
2026-08-17,10,4. EXP (ČS),1102,11
2026-08-17,10,5. EXP (DLT),1102,11
2026-08-17,10,6. BJ (LT),4,1
2026-08-17,10,7. BJ (ČS),404,68
2026-08-17,11,1. Pick,1806,0
2026-08-17,11,2. Pack,1600,16
2026-08-17,11,3. Sort,1650,199
2026-08-17,11,4. EXP (ČS),56,3
2026-08-17,11,5. EXP (DLT),56,3
2026-08-17,11,6. BJ (LT),257,75
2026-08-17,11,7. BJ (ČS),5,2
2026-08-17,12,1. Pick,3878,41
2026-08-17,12,2. Pack,1956,17
2026-08-17,12,3. Sort,3242,44
2026-08-17,12,4. EXP (ČS),1641,14
2026-08-17,12,5. EXP (DLT),658,20
2026-08-17,12,6. BJ (LT),331,1
2026-08-17,12,7. BJ (ČS),262,71
2026-08-17,13,1. Pick,556,32
2026-08-17,13,2. Pack,1365,2
2026-08-17,13,3. Sort,1532,19
2026-08-17,13,4. EXP (ČS),3354,30
2026-08-17,13,5. EXP (DLT),1181,9
2026-08-17,13,6. BJ (LT),185,28
2026-08-17,13,7. BJ (ČS),305,7
2026-08-17,14,1. Pick,7718,1
2026-08-17,14,2. Pack,1813,3
2026-08-17,14,3. Sort,101,1
2026-08-17,14,4. EXP (ČS),1557,18
2026-08-17,14,5. EXP (DLT),4353,35
2026-08-17,14,7. BJ (ČS),175,16
2026-08-17,15,1. Pick,388,2
2026-08-17,15,2. Pack,8838,5
2026-08-17,15,3. Sort,7698,54
2026-08-17,15,4. EXP (ČS),59,1
2026-08-17,15,5. EXP (DLT),539,1
2026-08-17,15,6. BJ (LT),1172,548
2026-08-17,16,1. Pick,232,2
2026-08-17,16,2. Pack,308,1
2026-08-17,16,3. Sort,3013,34
2026-08-17,16,4. EXP (ČS),7706,49
2026-08-17,16,5. EXP (DLT),6139,36
2026-08-17,16,6. BJ (LT),254,69
2026-08-17,16,7. BJ (ČS),1230,449
2026-08-17,17,1. Pick,26,1
2026-08-17,17,2. Pack,227,2
2026-08-17,17,3. Sort,228,11
2026-08-17,17,4. EXP (ČS),3004,35
2026-08-17,17,5. EXP (DLT),1870,33
2026-08-17,17,6. BJ (LT),29,1
2026-08-17,17,7. BJ (ČS),87,26
2026-08-17,18,1. Pick,14,0
2026-08-17,18,2. Pack,16,0
2026-08-17,18,3. Sort,205,1
2026-08-17,18,4. EXP (ČS),212,6
2026-08-17,18,5. EXP (DLT),2913,21
2026-08-17,18,6. BJ (LT),37,1
2026-08-17,18,7. BJ (ČS),29,1
2026-08-17,19,1. Pick,9,0
2026-08-17,19,2. Pack,10,0
2026-08-17,19,3. Sort,12,0
2026-08-17,19,4. EXP (ČS),204,1
2026-08-17,19,5. EXP (DLT),57,5
2026-08-17,19,7. BJ (ČS),40,4
2026-08-17,20,1. Pick,2733,53
2026-08-17,20,2. Pack,1526,10
2026-08-17,20,3. Sort,132,6
2026-08-17,20,4. EXP (ČS),132,8
2026-08-17,20,5. EXP (DLT),190,1
2026-08-17,20,6. BJ (LT),9,2
2026-08-17,20,7. BJ (ČS),9,1
2026-08-17,21,1. Pick,656,74
2026-08-17,21,2. Pack,1716,52
2026-08-17,21,3. Sort,2672,52
2026-08-17,21,5. EXP (DLT),132,7
2026-08-17,21,6. BJ (LT),315,21
2026-08-17,22,1. Pick,149,0
2026-08-17,22,2. Pack,296,31
2026-08-17,22,3. Sort,585,48
2026-08-17,22,4. EXP (ČS),2773,228
2026-08-17,22,5. EXP (DLT),1835,220
2026-08-17,22,6. BJ (LT),70,7
2026-08-17,22,7. BJ (ČS),325,57
2026-08-17,23,1. Pick,323,67
2026-08-17,23,3. Sort,149,7
2026-08-17,23,4. EXP (ČS),735,177
2026-08-17,23,5. EXP (DLT),1319,16
2026-08-17,23,6. BJ (LT),10,0
2026-08-17,23,7. BJ (ČS),86,12
2026-08-18,6,1. Pick,50,0
2026-08-18,6,2. Pack,50,1
2026-08-18,6,3. Sort,546,1
2026-08-18,6,4. EXP (ČS),201,0
2026-08-18,6,5. EXP (DLT),201,0
2026-08-18,6,6. BJ (LT),45,1
2026-08-18,6,7. BJ (ČS),23,6
2026-08-18,7,1. Pick,81,0
2026-08-18,7,2. Pack,80,0
2026-08-18,7,3. Sort,291,1
2026-08-18,7,4. EXP (ČS),497,0
2026-08-18,7,5. EXP (DLT),497,0
2026-08-18,7,6. BJ (LT),35,25
2026-08-18,7,7. BJ (ČS),64,32
2026-08-18,8,1. Pick,1040,1
2026-08-18,8,2. Pack,355,0
2026-08-18,8,3. Sort,45,1
2026-08-18,8,4. EXP (ČS),230,18
2026-08-18,8,5. EXP (DLT),16,0
2026-08-18,8,7. BJ (ČS),7,1
2026-08-18,9,1. Pick,1132,0
2026-08-18,9,2. Pack,747,0
2026-08-18,9,3. Sort,1054,10
2026-08-18,9,4. EXP (ČS),75,1
2026-08-18,9,5. EXP (DLT),125,1
2026-08-18,9,6. BJ (LT),346,27
2026-08-18,9,7. BJ (ČS),38,22
2026-08-18,10,1. Pick,1006,15
2026-08-18,10,2. Pack,1488,4
2026-08-18,10,3. Sort,52,4
2026-08-18,10,4. EXP (ČS),1051,3
2026-08-18,10,5. EXP (DLT),1051,3
2026-08-18,10,6. BJ (LT),4,0
2026-08-18,10,7. BJ (ČS),309,33
2026-08-18,11,1. Pick,2759,12
2026-08-18,11,2. Pack,694,9
2026-08-18,11,3. Sort,1539,66
2026-08-18,11,4. EXP (ČS),44,0
2026-08-18,11,5. EXP (DLT),44,0
2026-08-18,11,6. BJ (LT),235,11
2026-08-18,11,7. BJ (ČS),4,0
2026-08-18,12,1. Pick,3459,8
2026-08-18,12,2. Pack,2832,8
2026-08-18,12,3. Sort,3192,0
2026-08-18,12,4. EXP (ČS),1543,63
2026-08-18,12,5. EXP (DLT),649,5
2026-08-18,12,6. BJ (LT),571,0
2026-08-18,12,7. BJ (ČS),238,22
