datum,hodina,joblines,poznamka,zdroj,anomalia
2026-10-04,6,588,,triedenie,
2026-10-04,7,473,,triedenie,
2026-10-04,8,769,,triedenie,
2026-10-04,9,414,,triedenie,
2026-10-04,10,643,,triedenie,
2026-10-04,11,307,,triedenie,
2026-10-04,12,845,,triedenie,
2026-10-04,13,1658,,triedenie,
2026-10-04,14,2481,,triedenie,
2026-10-04,15,1744,,triedenie,
2026-10-04,16,794,,triedenie,
2026-10-04,17,1026,,triedenie,
2026-10-04,18,4890,,triedenie,
2026-10-04,19,5051,,triedenie,
2026-10-04,20,4407,,triedenie,
2026-10-04,21,3188,,triedenie,
2026-10-04,22,3171,,triedenie,
2026-10-04,23,6649,,triedenie,
2026-10-04,0,10565,,triedenie,
2026-10-04,1,8639,,triedenie,
2026-10-04,2,14706,,triedenie,
2026-10-04,3,4617,,triedenie,
2026-10-04,4,570,,triedenie,
2026-10-04,5,1262,,triedenie,
