datum,protistrana,geosize,joblines
2026-02-28,Brno,XPO,17
2026-02-28,Brno,XL,2
2026-02-28,CZLC4,SPO,3
2026-02-28,CZLC4,BPO,1
2026-02-28,CZLC4,XPO,2
2026-02-28,Háje,XPO,7
2026-02-28,Háje,XL,3
2026-02-28,Ostrava,XPO,6
2026-02-28,Ostrava,XL,4
2026-02-28,Plzeň město,XPO,20
2026-02-28,Plzeň město,XL,1
2026-02-28,Počernice,XPO,2
2026-02-28,Praha - centrála,XPO,37
2026-02-28,Praha - centrála,XL,21
2026-02-28,Praha - centrála,VB,7
2026-02-28,SKLC3,XPO,123
2026-02-28,SKLC3,XL,19
2026-02-28,SKLC3,VB,23
2026-02-28,Čakovice,XPO,6
2026-02-28,Čakovice,XL,10
2026-02-28,Čakovice,VB,7
2026-03-01,Anděl,SPO,2
2026-03-01,Anděl,XPO,5
2026-03-01,Brno,XL,6
2026-03-01,CZLC4,SPO,7
2026-03-01,Háje,XL,3
2026-03-01,Ostrava,XPO,10
2026-03-01,Ostrava,XL,2
2026-03-01,Plzeň město,XL,2
2026-03-01,Počernice,VB,2
2026-03-01,Praha - centrála,XPO,18
2026-03-01,Praha - centrála,XL,30
2026-03-01,Praha - centrála,VB,6
2026-03-01,SKLC3,XPO,874
2026-03-01,SKLC3,XL,14
2026-03-01,SKLC3,VB,48
2026-03-01,Čakovice,XL,2
2026-03-01,Čakovice,VB,1
2026-03-02,Anděl,XPO,4
2026-03-02,Anděl,XL,2
2026-03-02,Brno,XPO,14
2026-03-02,CZLC4,SPO,3
2026-03-02,CZLC4,BPO,2
2026-03-02,CZLC4,XPO,21
2026-03-02,Háje,XPO,4
2026-03-02,Háje,XL,4
2026-03-02,Ostrava,XPO,2
2026-03-02,Ostrava,XL,2
2026-03-02,Plzeň město,XPO,3
2026-03-02,Plzeň město,XL,2
2026-03-02,Počernice,VB,2
2026-03-02,Praha - centrála,XPO,25
2026-03-02,Praha - centrála,XL,15
2026-03-02,Praha - centrála,VB,3
2026-03-02,SKLC3,XPO,49
2026-03-02,SKLC3,XL,11
2026-03-02,SKLC3,VB,75
2026-03-02,Čakovice,XL,3
2026-03-02,Čakovice,VB,2
2026-03-03,CZLC4,SPO,24
2026-03-03,CZLC4,BPO,13
2026-03-03,CZLC4,XPO,24
2026-03-03,Háje,XPO,2
2026-03-03,Háje,XL,5
2026-03-03,Ostrava,XPO,6
2026-03-03,Ostrava,XL,1
2026-03-03,Počernice,XL,8
2026-03-03,Praha - centrála,XPO,26
2026-03-03,Praha - centrála,XL,15
2026-03-03,Praha - centrála,VB,5
2026-03-03,SKLC3,XPO,190
2026-03-03,SKLC3,XL,107
2026-03-03,SKLC3,VB,182
2026-03-03,Čakovice,VB,3
2026-03-04,Anděl,XPO,6
2026-03-04,CZLC4,SPO,2
2026-03-04,CZLC4,BPO,6
2026-03-04,CZLC4,XPO,59
2026-03-04,Háje,XPO,1
2026-03-04,Háje,XL,2
2026-03-04,Ostrava,XPO,8
2026-03-04,Ostrava,XL,9
2026-03-04,Praha - centrála,XPO,40
2026-03-04,Praha - centrála,XL,24
2026-03-04,Praha - centrála,VB,7
2026-03-04,SKLC3,BPO,1
2026-03-04,SKLC3,XPO,95
2026-03-04,SKLC3,XL,1
2026-03-04,SKLC3,VB,131
2026-03-04,Čakovice,XL,8
2026-03-04,Čakovice,VB,3
2026-03-05,Anděl,XPO,8
2026-03-05,CZLC4,SPO,12
2026-03-05,CZLC4,BPO,1
2026-03-05,CZLC4,XPO,62
2026-03-05,Háje,XPO,1
2026-03-05,Ostrava,XPO,19
2026-03-05,Ostrava,XL,3
2026-03-05,Počernice,XPO,1
2026-03-05,Praha - centrála,XPO,50
2026-03-05,Praha - centrála,XL,20
2026-03-05,Praha - centrála,VB,3
2026-03-05,SKLC3,XPO,52
2026-03-05,SKLC3,XL,19
2026-03-05,SKLC3,VB,50
2026-03-05,Čakovice,XL,2
2026-03-05,Čakovice,VB,4
2026-03-06,Anděl,XL,4
2026-03-06,CZLC4,SPO,3
2026-03-06,CZLC4,XPO,24
2026-03-06,Háje,XPO,3
2026-03-06,Háje,XL,3
2026-03-06,Ostrava,XPO,15
2026-03-06,Ostrava,XL,5
2026-03-06,Plzeň město,XPO,6
2026-03-06,Počernice,XPO,12
2026-03-06,Praha - centrála,XPO,41
2026-03-06,Praha - centrála,XL,6
2026-03-06,Praha - centrála,VB,3
2026-03-06,SKLC3,XPO,81
2026-03-06,SKLC3,XL,10
2026-03-06,SKLC3,VB,58
2026-03-06,Čakovice,VB,7
2026-03-07,Anděl,XPO,14
2026-03-07,CZLC4,BPO,1
2026-03-07,Háje,XPO,7
2026-03-07,Háje,XL,2
2026-03-07,Ostrava,XPO,10
2026-03-07,Ostrava,XL,3
2026-03-07,Plzeň město,XPO,16
2026-03-07,Plzeň město,XL,1
2026-03-07,Počernice,XPO,1
2026-03-07,Praha - centrála,XPO,48
2026-03-07,Praha - centrála,XL,5
2026-03-07,Praha - centrála,VB,5
2026-03-07,SKLC3,XPO,27
2026-03-07,SKLC3,VB,64
2026-03-07,Čakovice,XPO,8
2026-03-07,Čakovice,VB,4
2026-03-08,CZLC4,SPO,1
2026-03-08,CZLC4,BPO,3
2026-03-08,Háje,XPO,6
2026-03-08,Háje,XL,6
2026-03-08,Ostrava,XPO,7
2026-03-08,Ostrava,XL,4
2026-03-08,Plzeň město,XL,2
2026-03-08,Počernice,XPO,3
2026-03-08,Praha - centrála,XPO,50
2026-03-08,Praha - centrála,XL,57
2026-03-08,Praha - centrála,VB,5
2026-03-08,SKLC3,XPO,41
2026-03-08,SKLC3,XL,30
2026-03-08,SKLC3,VB,104
2026-03-08,Čakovice,XPO,16
2026-03-08,Čakovice,VB,2
2026-03-09,Brno,XPO,51
2026-03-09,CZLC4,SPO,4
2026-03-09,CZLC4,BPO,3
2026-03-09,CZLC4,XPO,12
2026-03-09,Háje,XPO,3
2026-03-09,Háje,XL,4
2026-03-09,Ostrava,XPO,5
2026-03-09,Ostrava,XL,8
2026-03-09,Počernice,XPO,1
2026-03-09,Počernice,XL,8
2026-03-09,Počernice,VB,1
2026-03-09,Praha - centrála,XPO,64
2026-03-09,Praha - centrála,XL,31
2026-03-09,Praha - centrála,VB,3
2026-03-09,SKLC3,XPO,60
2026-03-09,SKLC3,XL,3
2026-03-09,SKLC3,VB,64
2026-03-09,Čakovice,VB,5
2026-03-10,Brno,XL,4
2026-03-10,CZLC4,SPO,13
2026-03-10,CZLC4,BPO,9
2026-03-10,Háje,XPO,3
2026-03-10,Háje,XL,2
2026-03-10,Ostrava,XPO,11
2026-03-10,Ostrava,XL,6
2026-03-10,Plzeň město,XL,2
2026-03-10,Počernice,XPO,4
2026-03-10,Počernice,XL,3
2026-03-10,Praha - centrála,XPO,50
2026-03-10,Praha - centrála,XL,12
2026-03-10,Praha - centrála,VB,5
2026-03-10,SKLC3,BPO,1
2026-03-10,SKLC3,XPO,224
2026-03-10,SKLC3,XL,128
2026-03-10,SKLC3,VB,178
2026-03-11,Brno,XPO,14
2026-03-11,Brno,XL,4
2026-03-11,CZLC4,SPO,4
2026-03-11,CZLC4,BPO,1
2026-03-11,Háje,XPO,1
2026-03-11,Háje,XL,3
2026-03-11,Ostrava,XPO,7
2026-03-11,Ostrava,XL,1
2026-03-11,Počernice,XPO,3
2026-03-11,Praha - centrála,XPO,75
2026-03-11,Praha - centrála,XL,19
2026-03-11,Praha - centrála,VB,4
2026-03-11,SKLC3,XPO,94
2026-03-11,SKLC3,XL,33
2026-03-11,SKLC3,VB,99
2026-03-11,Čakovice,VB,5
2026-03-12,Brno,XPO,14
2026-03-12,Brno,XL,10
2026-03-12,Budějovická,XPO,1
2026-03-12,CZLC4,SPO,1
2026-03-12,CZLC4,BPO,2
2026-03-12,Háje,XPO,12
2026-03-12,Háje,XL,4
2026-03-12,Ostrava,XPO,16
2026-03-12,Ostrava,XL,5
2026-03-12,Plzeň město,XL,4
2026-03-12,Počernice,XPO,5
2026-03-12,Počernice,XL,5
2026-03-12,Počernice,VB,2
2026-03-12,Praha - centrála,XPO,71
2026-03-12,Praha - centrála,VB,2
2026-03-12,SKLC3,XPO,49
2026-03-12,SKLC3,VB,109
2026-03-12,Čakovice,VB,3
2026-03-13,Anděl,XL,8
2026-03-13,Brno,XPO,30
2026-03-13,Brno,XL,8
2026-03-13,CZLC4,SPO,13
2026-03-13,CZLC4,BPO,8
2026-03-13,Háje,XPO,5
2026-03-13,Háje,XL,1
2026-03-13,Ostrava,XPO,12
2026-03-13,Ostrava,XL,6
2026-03-13,Počernice,XPO,3
2026-03-13,Počernice,XL,2
2026-03-13,Praha - centrála,XPO,91
2026-03-13,Praha - centrála,XL,7
2026-03-13,Praha - centrála,VB,5
2026-03-13,SKLC3,SPO,1
2026-03-13,SKLC3,XPO,70
2026-03-13,SKLC3,XL,13
2026-03-13,SKLC3,VB,62
2026-03-13,Čakovice,VB,3
2026-03-14,Brno,XPO,11
2026-03-14,CZLC4,SPO,3
2026-03-14,CZLC4,BPO,1
2026-03-14,Háje,XPO,3
2026-03-14,Háje,XL,3
2026-03-14,Ostrava,XPO,9
2026-03-14,Ostrava,XL,3
2026-03-14,Plzeň město,XPO,30
2026-03-14,Počernice,XPO,3
2026-03-14,Praha - centrála,BPO,3
2026-03-14,Praha - centrála,XPO,79
2026-03-14,Praha - centrála,VB,8
2026-03-14,SKLC3,XPO,39
2026-03-14,SKLC3,XL,7
2026-03-14,SKLC3,VB,58
2026-03-14,Čakovice,XL,20
2026-03-14,Čakovice,VB,3
2026-03-15,Anděl,XPO,4
2026-03-15,Brno,XL,4
2026-03-15,Háje,XPO,7
2026-03-15,Háje,XL,6
2026-03-15,Ostrava,XPO,14
2026-03-15,Ostrava,XL,1
2026-03-15,Počernice,XPO,5
2026-03-15,Počernice,XL,3
2026-03-15,Praha - centrála,XPO,89
2026-03-15,Praha - centrála,XL,2
2026-03-15,Praha - centrála,VB,6
2026-03-15,SKLC3,SPO,1
2026-03-15,SKLC3,XPO,34
2026-03-15,SKLC3,XL,19
2026-03-15,SKLC3,VB,29
2026-03-15,Čakovice,XPO,38
2026-03-15,Čakovice,XL,2
2026-03-15,Čakovice,VB,3
2026-03-16,Anděl,XPO,4
2026-03-16,Brno,XL,2
2026-03-16,CZLC4,SPO,4
2026-03-16,CZLC4,BPO,4
2026-03-16,Háje,XPO,7
2026-03-16,Háje,XL,5
2026-03-16,Ostrava,XPO,10
2026-03-16,Ostrava,XL,1
2026-03-16,Počernice,XL,2
2026-03-16,Praha - centrála,XPO,30
2026-03-16,Praha - centrála,XL,43
2026-03-16,Praha - centrála,VB,6
2026-03-16,SKLC3,BPO,3
2026-03-16,SKLC3,XPO,98
2026-03-16,SKLC3,XL,4
2026-03-16,SKLC3,VB,98
2026-03-16,Čakovice,VB,4
2026-03-17,CZLC4,SPO,38
2026-03-17,CZLC4,BPO,6
2026-03-17,Háje,XPO,3
2026-03-17,Háje,XL,1
2026-03-17,Ostrava,XPO,6
2026-03-17,Ostrava,XL,4
2026-03-17,Počernice,XL,1
2026-03-17,Praha - centrála,XPO,34
2026-03-17,Praha - centrála,XL,7
2026-03-17,Praha - centrála,VB,2
2026-03-17,SKLC3,XPO,195
2026-03-17,SKLC3,XL,77
2026-03-17,SKLC3,VB,87
2026-03-17,Čakovice,VB,5
2026-03-18,Anděl,XPO,9
2026-03-18,Anděl,XL,10
2026-03-18,Brno,XL,6
2026-03-18,CZLC4,SPO,7
2026-03-18,CZLC4,BPO,4
2026-03-18,Háje,XPO,3
2026-03-18,Háje,XL,1
2026-03-18,Ostrava,XPO,4
2026-03-18,Ostrava,XL,5
2026-03-18,Praha - centrála,XPO,65
2026-03-18,Praha - centrála,XL,41
2026-03-18,Praha - centrála,VB,8
2026-03-18,SKLC3,XPO,99
2026-03-18,SKLC3,XL,37
2026-03-18,SKLC3,VB,52
2026-03-18,Čakovice,XL,2
2026-03-18,Čakovice,VB,2
2026-03-19,Anděl,XPO,7
2026-03-19,Anděl,XL,2
2026-03-19,Brno,XL,4
2026-03-19,CZLC4,SPO,9
2026-03-19,CZLC4,BPO,8
2026-03-19,Háje,XPO,2
2026-03-19,Háje,XL,4
2026-03-19,Ostrava,XPO,15
2026-03-19,Ostrava,XL,3
2026-03-19,Plzeň město,XPO,17
2026-03-19,Počernice,XL,4
2026-03-19,Praha - centrála,XPO,38
2026-03-19,Praha - centrála,XL,8
2026-03-19,Praha - centrála,VB,6
2026-03-19,SKLC3,SPO,2
2026-03-19,SKLC3,XPO,86
2026-03-19,SKLC3,XL,53
2026-03-19,SKLC3,VB,47
2026-03-19,Čakovice,VB,4
2026-03-20,Anděl,XL,2
2026-03-20,Brno,XPO,40
2026-03-20,CZLC4,SPO,2
2026-03-20,CZLC4,BPO,4
2026-03-20,Háje,XPO,3
2026-03-20,Háje,XL,5
2026-03-20,Ostrava,XPO,6
2026-03-20,Ostrava,XL,2
2026-03-20,Počernice,XPO,12
2026-03-20,Počernice,XL,6
2026-03-20,Praha - centrála,XPO,46
2026-03-20,Praha - centrála,VB,3
2026-03-20,SKLC3,XPO,40
2026-03-20,SKLC3,XL,4
2026-03-20,SKLC3,VB,94
2026-03-20,Čakovice,XPO,33
2026-03-21,Anděl,XPO,10
2026-03-21,Brno,XPO,19
2026-03-21,Brno,XL,6
2026-03-21,CZLC4,SPO,15
2026-03-21,CZLC4,BPO,2
2026-03-21,Háje,XPO,6
2026-03-21,Háje,XL,2
2026-03-21,Ostrava,XPO,12
2026-03-21,Ostrava,XL,3
2026-03-21,Plzeň město,XPO,12
2026-03-21,Počernice,XPO,9
2026-03-21,Počernice,XL,3
2026-03-21,Praha - centrála,XPO,60
2026-03-21,Praha - centrála,VB,3
2026-03-21,SKLC3,XPO,36
2026-03-21,SKLC3,XL,12
2026-03-21,SKLC3,VB,28
2026-03-22,Anděl,XPO,14
2026-03-22,Brno,XPO,13
2026-03-22,CZLC4,SPO,1
2026-03-22,CZLC4,BPO,1
2026-03-22,Háje,XPO,4
2026-03-22,Háje,XL,4
2026-03-22,Ostrava,XPO,8
2026-03-22,Ostrava,XL,3
2026-03-22,Plzeň město,XPO,24
2026-03-22,Počernice,XPO,2
2026-03-22,Praha - centrála,XPO,76
2026-03-22,Praha - centrála,VB,8
2026-03-22,SKLC3,XPO,42
2026-03-22,SKLC3,VB,38
2026-03-22,Čakovice,XPO,13
2026-03-23,CZLC4,SPO,5
2026-03-23,CZLC4,BPO,6
2026-03-23,Háje,XPO,6
2026-03-23,Háje,XL,4
2026-03-23,Ostrava,XPO,7
2026-03-23,Ostrava,XL,4
2026-03-23,Počernice,XPO,2
2026-03-23,Praha - centrála,XPO,53
2026-03-23,Praha - centrála,XL,47
2026-03-23,Praha - centrála,VB,3
2026-03-23,SKLC3,XPO,70
2026-03-23,SKLC3,XL,65
2026-03-23,SKLC3,VB,88
2026-03-24,Anděl,XL,4
2026-03-24,Brno,XL,2
2026-03-24,CZLC4,SPO,50
2026-03-24,CZLC4,BPO,4
2026-03-24,CZLC4,XPO,1
2026-03-24,Háje,XPO,3
2026-03-24,Háje,XL,1
2026-03-24,Ostrava,XPO,6
2026-03-24,Ostrava,XL,5
2026-03-24,Plzeň město,XL,3
2026-03-24,Počernice,XPO,2
2026-03-24,Praha - centrála,XPO,36
2026-03-24,Praha - centrála,XL,24
2026-03-24,Praha - centrála,VB,3
2026-03-24,SKLC3,SPO,1
2026-03-24,SKLC3,XPO,232
2026-03-24,SKLC3,XL,25
2026-03-24,SKLC3,VB,104
2026-03-24,Čakovice,VB,2
2026-03-25,Brno,XL,2
2026-03-25,CZLC4,SPO,11
2026-03-25,CZLC4,BPO,2
2026-03-25,Háje,XPO,2
2026-03-25,Háje,XL,2
2026-03-25,Ostrava,XPO,14
2026-03-25,Ostrava,XL,5
2026-03-25,Počernice,XL,1
2026-03-25,Praha - centrála,XPO,71
2026-03-25,Praha - centrála,XL,13
2026-03-25,Praha - centrála,VB,4
2026-03-25,SKLC3,XPO,89
2026-03-25,SKLC3,XL,12
2026-03-25,SKLC3,VB,56
2026-03-25,Čakovice,XL,8
2026-03-25,Čakovice,VB,4
2026-03-26,Brno,XL,2
2026-03-26,CZLC4,SPO,4
2026-03-26,CZLC4,BPO,32
2026-03-26,Háje,XPO,2
2026-03-26,Háje,XL,1
2026-03-26,Ostrava,XPO,11
2026-03-26,Ostrava,XL,26
2026-03-26,Plzeň město,XPO,4
2026-03-26,Počernice,XPO,11
2026-03-26,Počernice,XL,5
2026-03-26,Praha - centrála,XPO,51
2026-03-26,Praha - centrála,XL,10
2026-03-26,SKLC3,XPO,63
2026-03-26,SKLC3,XL,3
2026-03-26,SKLC3,VB,96
2026-03-26,Čakovice,XPO,27
2026-03-26,Čakovice,XL,16
2026-03-27,Brno,XPO,18
2026-03-27,Brno,XL,8
2026-03-27,CZLC4,SPO,1
2026-03-27,CZLC4,BPO,2
2026-03-27,Háje,XPO,4
2026-03-27,Háje,XL,5
2026-03-27,Ostrava,XPO,7
2026-03-27,Ostrava,XL,4
2026-03-27,Plzeň město,XL,1
2026-03-27,Počernice,XPO,3
2026-03-27,Počernice,XL,3
2026-03-27,Praha - centrála,XPO,69
2026-03-27,Praha - centrála,XL,10
2026-03-27,Praha - centrála,VB,5
2026-03-27,SKLC3,SPO,2
2026-03-27,SKLC3,BPO,1
2026-03-27,SKLC3,XPO,80
2026-03-27,SKLC3,XL,2
2026-03-27,SKLC3,VB,58
2026-03-27,Čakovice,XPO,8
2026-03-28,Anděl,XL,4
2026-03-28,Brno,XPO,17
2026-03-28,Brno,XL,2
2026-03-28,CZLC4,SPO,2
2026-03-28,CZLC4,BPO,1
2026-03-28,Háje,XPO,1
2026-03-28,Háje,XL,1
2026-03-28,Ostrava,XPO,9
2026-03-28,Ostrava,XL,1
2026-03-28,Plzeň město,XPO,1
2026-03-28,Plzeň město,XL,7
2026-03-28,Počernice,XPO,3
2026-03-28,Počernice,XL,3
2026-03-28,Praha - centrála,XPO,29
2026-03-28,Praha - centrála,XL,8
2026-03-28,Praha - centrála,VB,3
2026-03-28,SKLC3,XPO,115
2026-03-28,SKLC3,XL,5
2026-03-28,SKLC3,VB,66
2026-03-28,Čakovice,VB,14
2026-03-29,Anděl,XL,2
2026-03-29,Brno,XL,6
2026-03-29,CZLC4,SPO,4
2026-03-29,Háje,XPO,8
2026-03-29,Háje,XL,5
2026-03-29,Ostrava,XPO,5
2026-03-29,Ostrava,XL,5
2026-03-29,Plzeň město,XL,6
2026-03-29,Pobočka Chrášťany,XPO,1
2026-03-29,Počernice,XL,2
2026-03-29,Počernice,VB,3
2026-03-29,Praha - centrála,XPO,89
2026-03-29,Praha - centrála,XL,25
2026-03-29,Praha - centrála,VB,2
2026-03-29,SKLC3,XPO,42
2026-03-29,SKLC3,XL,10
2026-03-29,SKLC3,VB,11
2026-03-29,Čakovice,VB,4
2026-03-30,Anděl,XL,3
2026-03-30,Brno,XL,4
2026-03-30,CZLC4,SPO,3
2026-03-30,CZLC4,BPO,4
2026-03-30,Háje,XPO,3
2026-03-30,Háje,XL,4
2026-03-30,Ostrava,XPO,2
2026-03-30,Ostrava,XL,7
2026-03-30,Plzeň město,XPO,5
2026-03-30,Plzeň město,XL,2
2026-03-30,Počernice,XL,5
2026-03-30,Počernice,VB,1
2026-03-30,Praha - centrála,XPO,37
2026-03-30,Praha - centrála,XL,40
2026-03-30,Praha - centrála,VB,2
2026-03-30,SKLC3,SPO,1
2026-03-30,SKLC3,XPO,105
2026-03-30,SKLC3,XL,9
2026-03-30,SKLC3,VB,38
2026-03-30,Čakovice,XPO,3
2026-03-30,Čakovice,XL,9
2026-03-31,Anděl,XPO,17
2026-03-31,Anděl,XL,1
2026-03-31,CZLC4,SPO,24
2026-03-31,CZLC4,BPO,21
2026-03-31,Háje,XPO,8
2026-03-31,Háje,XL,2
2026-03-31,Ostrava,XPO,11
2026-03-31,Ostrava,XL,5
2026-03-31,Plzeň město,XPO,2
2026-03-31,Počernice,XPO,4
2026-03-31,Praha - centrála,XPO,56
2026-03-31,Praha - centrála,VB,2
2026-03-31,SKLC3,SPO,2
2026-03-31,SKLC3,XPO,295
2026-03-31,SKLC3,XL,54
2026-03-31,SKLC3,VB,137
2026-03-31,Čakovice,VB,7
2026-04-01,Brno,XPO,20
2026-04-01,CZLC4,SPO,2
2026-04-01,CZLC4,BPO,4
2026-04-01,CZLC4,XPO,1
2026-04-01,Háje,XPO,1
2026-04-01,Háje,XL,4
2026-04-01,Ostrava,XPO,7
2026-04-01,Ostrava,XL,5
2026-04-01,Praha - centrála,XPO,59
2026-04-01,Praha - centrála,XL,8
2026-04-01,Praha - centrála,VB,7
2026-04-01,SKLC3,SPO,2
2026-04-01,SKLC3,XPO,84
2026-04-01,SKLC3,XL,8
2026-04-01,SKLC3,VB,30
2026-04-01,Čakovice,XPO,22
2026-04-01,Čakovice,VB,3
2026-04-02,Anděl,XL,1
2026-04-02,CZLC4,SPO,17
2026-04-02,CZLC4,BPO,15
2026-04-02,Háje,XPO,1
2026-04-02,Ostrava,XPO,2
2026-04-02,Počernice,XL,2
2026-04-02,Praha - centrála,XPO,6
2026-04-02,Praha - centrála,VB,1
2026-04-02,SKLC3,BPO,2
2026-04-02,SKLC3,XPO,66
2026-04-02,SKLC3,XL,1
2026-04-02,SKLC3,VB,25
2026-04-02,Čakovice,VB,2
2026-04-03,Anděl,XPO,23
2026-04-03,Anděl,XL,8
2026-04-03,Brno,XPO,33
2026-04-03,Brno,XL,2
2026-04-03,CZLC4,SPO,4
2026-04-03,CZLC4,BPO,6
2026-04-03,CZLC4,XPO,3
2026-04-03,Háje,XPO,3
2026-04-03,Háje,XL,5
2026-04-03,Ostrava,XPO,15
2026-04-03,Ostrava,XL,2
2026-04-03,Plzeň město,XPO,1
2026-04-03,Počernice,XPO,5
2026-04-03,Praha - centrála,XPO,117
2026-04-03,Praha - centrála,XL,54
2026-04-03,Praha - centrála,VB,6
2026-04-03,SKLC3,XPO,113
2026-04-03,SKLC3,XL,18
2026-04-03,SKLC3,VB,45
2026-04-03,Čakovice,XPO,10
2026-04-03,Čakovice,VB,3
2026-04-04,Anděl,XPO,3
2026-04-04,CZLC4,BPO,1
2026-04-04,Háje,XPO,2
2026-04-04,Háje,XL,6
2026-04-04,Ostrava,XPO,3
2026-04-04,Ostrava,XL,3
2026-04-04,Plzeň město,XPO,10
2026-04-04,Počernice,XPO,7
2026-04-04,Počernice,VB,1
2026-04-04,Praha - centrála,XPO,42
2026-04-04,Praha - centrála,XL,28
2026-04-04,Praha - centrála,VB,2
2026-04-04,SKLC3,XPO,37
2026-04-04,SKLC3,XL,8
2026-04-04,SKLC3,VB,44
2026-04-04,Čakovice,XPO,9
2026-04-04,Čakovice,XL,1
2026-04-04,Čakovice,VB,2
2026-04-05,Anděl,XPO,1
2026-04-05,Brno,XL,10
2026-04-05,CZLC4,SPO,2
2026-04-05,CZLC4,BPO,1
2026-04-05,CZLC4,XPO,10
2026-04-05,Háje,XPO,3
2026-04-05,Háje,XL,1
2026-04-05,Ostrava,XPO,4
2026-04-05,Ostrava,XL,5
2026-04-05,Plzeň město,XPO,5
2026-04-05,Pobočka Chrášťany,XPO,2
2026-04-05,Počernice,XPO,1
2026-04-05,Praha - centrála,XPO,38
2026-04-05,Praha - centrála,XL,34
2026-04-05,Praha - centrála,VB,3
2026-04-05,SKLC3,XPO,58
2026-04-05,SKLC3,XL,4
2026-04-05,SKLC3,VB,6
2026-04-05,Čakovice,XPO,13
2026-04-05,Čakovice,XL,5
2026-04-05,Čakovice,VB,4
2026-04-06,Anděl,XPO,2
2026-04-06,Brno,XPO,8
2026-04-06,Brno,XL,2
2026-04-06,CZLC4,BPO,15
2026-04-06,Háje,XPO,1
2026-04-06,Háje,XL,3
2026-04-06,Ostrava,XPO,7
2026-04-06,Ostrava,XL,4
2026-04-06,Plzeň město,XPO,4
2026-04-06,Počernice,XPO,3
2026-04-06,Praha - centrála,XPO,16
2026-04-06,Praha - centrála,XL,3
2026-04-06,Praha - centrála,VB,1
2026-04-06,SKLC3,XPO,51
2026-04-06,SKLC3,XL,16
2026-04-06,SKLC3,VB,26
2026-04-06,Čakovice,XPO,2
2026-04-06,Čakovice,VB,1
2026-04-07,CZLC4,SPO,3
2026-04-07,CZLC4,BPO,3
2026-04-07,Háje,XPO,3
2026-04-07,Háje,XL,2
2026-04-07,Ostrava,XPO,3
2026-04-07,Ostrava,XL,1
2026-04-07,Praha - centrála,XPO,41
2026-04-07,Praha - centrála,XL,3
2026-04-07,Praha - centrála,VB,1
2026-04-07,SKLC3,BPO,1
2026-04-07,SKLC3,XPO,193
2026-04-07,SKLC3,XL,32
2026-04-07,SKLC3,VB,95
2026-04-08,Brno,XL,4
2026-04-08,CZLC4,SPO,9
2026-04-08,CZLC4,BPO,1
2026-04-08,CZLC4,XPO,8
2026-04-08,Háje,XPO,5
2026-04-08,Háje,XL,1
2026-04-08,Ostrava,XPO,13
2026-04-08,Ostrava,XL,9
2026-04-08,Praha - centrála,XPO,89
2026-04-08,Praha - centrála,XL,24
2026-04-08,Praha - centrála,VB,1
2026-04-08,SKLC3,SPO,1
2026-04-08,SKLC3,BPO,1
2026-04-08,SKLC3,XPO,201
2026-04-08,SKLC3,XL,57
2026-04-08,SKLC3,VB,103
2026-04-09,Anděl,XL,2
2026-04-09,Brno,XL,6
2026-04-09,CZLC4,SPO,10
2026-04-09,CZLC4,BPO,37
2026-04-09,CZLC4,XPO,5
2026-04-09,Háje,XPO,8
2026-04-09,Háje,XL,3
2026-04-09,Ostrava,XPO,2
2026-04-09,Ostrava,XL,1
2026-04-09,Praha - centrála,XPO,68
2026-04-09,Praha - centrála,XL,39
2026-04-09,Praha - centrála,VB,6
2026-04-09,SKLC3,XPO,168
2026-04-09,SKLC3,XL,4
2026-04-09,SKLC3,VB,139
2026-04-09,Čakovice,XL,2
2026-04-10,Anděl,XL,2
2026-04-10,Brno,XL,4
2026-04-10,CZLC4,SPO,11
2026-04-10,CZLC4,BPO,13
2026-04-10,Háje,XPO,3
2026-04-10,Háje,XL,1
2026-04-10,Ostrava,XPO,14
2026-04-10,Ostrava,XL,4
2026-04-10,Praha - centrála,XPO,67
2026-04-10,Praha - centrála,XL,5
2026-04-10,Praha - centrála,VB,6
2026-04-10,SKLC3,BPO,1
2026-04-10,SKLC3,XPO,154
2026-04-10,SKLC3,XL,80
2026-04-10,SKLC3,VB,142
2026-04-10,Čakovice,XPO,3
2026-04-11,CZLC4,SPO,1
2026-04-11,CZLC4,BPO,20
2026-04-11,CZLC4,XPO,2
2026-04-11,Háje,XPO,3
2026-04-11,Háje,XL,1
2026-04-11,Ostrava,XPO,9
2026-04-11,Ostrava,XL,3
2026-04-11,Plzeň město,XL,1
2026-04-11,Počernice,XL,2
2026-04-11,Praha - centrála,XPO,85
2026-04-11,Praha - centrála,XL,9
2026-04-11,Praha - centrála,VB,7
2026-04-11,SKLC3,BPO,17
2026-04-11,SKLC3,XPO,127
2026-04-11,SKLC3,XL,23
2026-04-11,SKLC3,VB,59
2026-04-11,Čakovice,XL,6
2026-04-12,Anděl,XL,2
2026-04-12,Brno,XPO,34
2026-04-12,CZLC4,SPO,5
2026-04-12,CZLC4,BPO,1
2026-04-12,CZLC4,XPO,15
2026-04-12,Háje,XPO,3
2026-04-12,Háje,XL,5
2026-04-12,Ostrava,XPO,12
2026-04-12,Ostrava,XL,3
2026-04-12,Plzeň město,XL,5
2026-04-12,Pobočka Chrášťany,XPO,1
2026-04-12,Počernice,XPO,4
2026-04-12,Praha - centrála,XPO,60
2026-04-12,Praha - centrála,XL,42
2026-04-12,Praha - centrála,VB,4
2026-04-12,SKLC3,XPO,78
2026-04-12,SKLC3,VB,82
2026-04-12,Čakovice,XPO,23
2026-04-12,Čakovice,VB,7
2026-04-13,Brno,XPO,6
2026-04-13,CZLC4,BPO,2
2026-04-13,Háje,XPO,10
2026-04-13,Ostrava,XPO,2
2026-04-13,Ostrava,XL,8
2026-04-13,Plzeň město,XL,2
2026-04-13,Praha - centrála,XPO,48
2026-04-13,Praha - centrála,XL,34
2026-04-13,Praha - centrála,VB,7
2026-04-13,SKLC3,XPO,135
2026-04-13,SKLC3,XL,23
2026-04-13,SKLC3,VB,32
2026-04-13,Čakovice,VB,4
2026-04-14,Brno,XPO,13
2026-04-14,Brno,XL,12
2026-04-14,CZLC4,SPO,22
2026-04-14,CZLC4,BPO,22
2026-04-14,CZLC4,XPO,2
2026-04-14,Háje,XPO,3
2026-04-14,Háje,XL,4
2026-04-14,Ostrava,XPO,11
2026-04-14,Ostrava,XL,10
2026-04-14,Počernice,XL,21
2026-04-14,Praha - centrála,XPO,31
2026-04-14,Praha - centrála,XL,15
2026-04-14,Praha - centrála,VB,4
2026-04-14,SKLC3,BPO,4
2026-04-14,SKLC3,XPO,406
2026-04-14,SKLC3,XL,94
2026-04-14,SKLC3,VB,234
2026-04-15,CZLC4,SPO,2
2026-04-15,CZLC4,BPO,13
2026-04-15,CZLC4,XPO,2
2026-04-15,Háje,XPO,3
2026-04-15,Háje,XL,3
2026-04-15,Ostrava,XPO,7
2026-04-15,Ostrava,XL,13
2026-04-15,Praha - centrála,XPO,11
2026-04-15,SKLC3,BPO,1
2026-04-15,SKLC3,XPO,82
2026-04-15,SKLC3,XL,2
2026-04-15,SKLC3,VB,94
2026-04-16,CZLC4,SPO,15
2026-04-16,CZLC4,BPO,1
2026-04-16,Háje,XPO,3
2026-04-16,Háje,XL,8
2026-04-16,Ostrava,XL,2
2026-04-16,Plzeň město,XL,2
2026-04-16,Počernice,XL,1
2026-04-16,Praha - centrála,XPO,124
2026-04-16,Praha - centrála,XL,40
2026-04-16,Praha - centrála,VB,10
2026-04-16,SKLC3,BPO,1
2026-04-16,SKLC3,XPO,260
2026-04-16,SKLC3,XL,91
2026-04-16,SKLC3,VB,131
2026-04-16,Čakovice,XL,6
2026-04-17,CZLC4,SPO,2
2026-04-17,CZLC4,BPO,5
2026-04-17,CZLC4,XPO,6
2026-04-17,Háje,XPO,8
2026-04-17,Háje,XL,4
2026-04-17,Ostrava,XPO,12
2026-04-17,Ostrava,XL,3
2026-04-17,Praha - centrála,XPO,90
2026-04-17,Praha - centrála,XL,15
2026-04-17,Praha - centrála,VB,5
2026-04-17,SKLC3,XPO,169
2026-04-17,SKLC3,XL,1
2026-04-17,SKLC3,VB,41
2026-04-17,Čakovice,XPO,43
2026-04-17,Čakovice,VB,1
2026-04-18,Brno,XPO,44
2026-04-18,Brno,XL,4
2026-04-18,CZLC4,SPO,3
2026-04-18,CZLC4,BPO,3
2026-04-18,Háje,XPO,7
2026-04-18,Háje,XL,1
2026-04-18,Ostrava,XPO,23
2026-04-18,Ostrava,XL,6
2026-04-18,Praha - centrála,XPO,67
2026-04-18,Praha - centrála,XL,2
2026-04-18,Praha - centrála,VB,6
2026-04-18,SKLC3,SPO,1
2026-04-18,SKLC3,XPO,157
2026-04-18,SKLC3,XL,74
2026-04-18,SKLC3,VB,74
2026-04-18,Čakovice,XPO,6
2026-04-18,Čakovice,XL,1
2026-04-18,Čakovice,VB,7
2026-04-19,Brno,XPO,4
2026-04-19,Háje,XPO,10
2026-04-19,Ostrava,XPO,16
2026-04-19,Ostrava,XL,3
2026-04-19,Praha - centrála,XPO,57
2026-04-19,Praha - centrála,VB,7
2026-04-19,SKLC3,XPO,114
2026-04-19,SKLC3,XL,18
2026-04-19,SKLC3,VB,85
2026-04-19,Čakovice,VB,3
2026-04-20,Brno,XPO,7
2026-04-20,CZLC4,SPO,2
2026-04-20,Ostrava,XPO,2
2026-04-20,Ostrava,XL,6
2026-04-20,Praha - centrála,XPO,20
2026-04-20,Praha - centrála,XL,18
2026-04-20,SKLC3,XPO,67
2026-04-20,SKLC3,XL,9
2026-04-20,SKLC3,VB,16
2026-04-21,Brno,XPO,2
2026-04-21,CZLC4,SPO,32
2026-04-21,CZLC4,BPO,10
2026-04-21,CZLC4,XPO,3
2026-04-21,Háje,XPO,6
2026-04-21,Háje,XL,5
2026-04-21,Ostrava,XL,10
2026-04-21,Praha - centrála,XPO,44
2026-04-21,Praha - centrála,XL,12
2026-04-21,Praha - centrála,VB,2
2026-04-21,SKLC3,SPO,1
2026-04-21,SKLC3,XPO,134
2026-04-21,SKLC3,XL,44
2026-04-21,SKLC3,VB,65
2026-04-21,Čakovice,XL,2
2026-04-22,Anděl,XL,4
2026-04-22,Brno,XL,4
2026-04-22,CZLC4,SPO,14
2026-04-22,CZLC4,BPO,6
2026-04-22,Háje,XPO,7
2026-04-22,Háje,XL,12
2026-04-22,Ostrava,XPO,12
2026-04-22,Ostrava,XL,9
2026-04-22,Počernice,VB,2
2026-04-22,Praha - centrála,XPO,142
2026-04-22,Praha - centrála,XL,61
2026-04-22,Praha - centrála,VB,65
2026-04-22,SKLC3,SPO,3
2026-04-22,SKLC3,BPO,3
2026-04-22,SKLC3,XPO,451
2026-04-22,SKLC3,XL,80
2026-04-22,SKLC3,VB,232
2026-04-22,Čakovice,VB,9
2026-04-23,Anděl,XPO,3
2026-04-23,Anděl,XL,4
2026-04-23,Brno,XL,2
2026-04-23,CZLC4,SPO,23
2026-04-23,CZLC4,BPO,16
2026-04-23,CZLC4,XPO,4
2026-04-23,Háje,XPO,4
2026-04-23,Háje,XL,4
2026-04-23,Ostrava,XPO,3
2026-04-23,Ostrava,XL,3
2026-04-23,Počernice,XL,2
2026-04-23,Praha - centrála,XPO,54
2026-04-23,Praha - centrála,XL,17
2026-04-23,Praha - centrála,VB,7
2026-04-23,SKLC3,XPO,122
2026-04-23,SKLC3,XL,9
2026-04-23,SKLC3,VB,94
2026-04-23,Čakovice,VB,4
2026-04-24,Anděl,XPO,9
2026-04-24,Anděl,XL,10
2026-04-24,Brno,XPO,11
2026-04-24,Budějovická,XPO,1
2026-04-24,CZLC4,SPO,1
2026-04-24,Háje,XPO,3
2026-04-24,Háje,XL,1
2026-04-24,Ostrava,XPO,9
2026-04-24,Ostrava,XL,6
2026-04-24,Plzeň město,XPO,1
2026-04-24,Počernice,XL,2
2026-04-24,Praha - centrála,XPO,46
2026-04-24,Praha - centrála,XL,13
2026-04-24,Praha - centrála,VB,3
2026-04-24,SKLC3,XPO,173
2026-04-24,SKLC3,XL,15
2026-04-24,SKLC3,VB,68
2026-04-24,Čakovice,XPO,14
2026-04-24,Čakovice,VB,4
2026-04-25,Anděl,XPO,8
2026-04-25,Anděl,XL,2
2026-04-25,CZLC4,SPO,6
2026-04-25,CZLC4,BPO,16
2026-04-25,Háje,XL,3
2026-04-25,Ostrava,XPO,12
2026-04-25,Ostrava,XL,3
2026-04-25,Pobočka Chrášťany,XPO,2
2026-04-25,Počernice,XPO,18
2026-04-25,Počernice,XL,9
2026-04-25,Praha - centrála,XPO,63
2026-04-25,Praha - centrála,VB,6
2026-04-25,SKLC3,SPO,1
2026-04-25,SKLC3,BPO,2
2026-04-25,SKLC3,XPO,152
2026-04-25,SKLC3,XL,5
2026-04-25,SKLC3,VB,87
2026-04-25,Čakovice,XPO,11
2026-04-25,Čakovice,VB,3
2026-04-26,CZLC4,SPO,2
2026-04-26,CZLC4,BPO,3
2026-04-26,CZLC4,XPO,1
2026-04-26,Háje,XL,7
2026-04-26,Ostrava,XPO,4
2026-04-26,Ostrava,XL,5
2026-04-26,Počernice,VB,2
2026-04-26,Praha - centrála,XPO,99
2026-04-26,Praha - centrála,XL,17
2026-04-26,Praha - centrála,VB,6
2026-04-26,SKLC3,XPO,63
2026-04-26,SKLC3,XL,44
2026-04-26,SKLC3,VB,35
2026-04-26,Čakovice,XPO,5
2026-04-26,Čakovice,VB,3
2026-04-27,CZLC4,SPO,1
2026-04-27,CZLC4,BPO,13
2026-04-27,Háje,XL,7
2026-04-27,Ostrava,XL,4
2026-04-27,Počernice,VB,1
2026-04-27,Praha - centrála,XPO,74
2026-04-27,Praha - centrála,XL,13
2026-04-27,Praha - centrála,VB,9
2026-04-27,SKLC3,BPO,1
2026-04-27,SKLC3,XPO,113
2026-04-27,SKLC3,XL,12
2026-04-27,SKLC3,VB,90
2026-04-27,Čakovice,XL,2
2026-04-28,CZLC4,SPO,26
2026-04-28,CZLC4,BPO,6
2026-04-28,CZLC4,XPO,1
2026-04-28,Háje,XL,6
2026-04-28,Ostrava,XL,7
2026-04-28,Plzeň město,XPO,3
2026-04-28,Praha - centrála,XPO,76
2026-04-28,Praha - centrála,XL,20
2026-04-28,Praha - centrála,VB,12
2026-04-28,SKLC3,XPO,221
2026-04-28,SKLC3,XL,51
2026-04-28,SKLC3,VB,69
2026-04-28,Čakovice,VB,5
2026-04-29,Brno,XL,6
2026-04-29,CZLC4,SPO,7
2026-04-29,CZLC4,BPO,4
2026-04-29,CZLC4,XPO,2
2026-04-29,Háje,XPO,13
2026-04-29,Ostrava,XPO,10
2026-04-29,Ostrava,XL,1
2026-04-29,Plzeň město,XPO,16
2026-04-29,Praha - centrála,XPO,61
2026-04-29,Praha - centrála,XL,26
2026-04-29,Praha - centrála,VB,6
2026-04-29,SKLC3,XPO,341
2026-04-29,SKLC3,XL,47
2026-04-29,SKLC3,VB,147
2026-04-29,Čakovice,VB,4
2026-04-30,Anděl,XPO,21
2026-04-30,Brno,XPO,20
2026-04-30,CZLC4,SPO,9
2026-04-30,CZLC4,BPO,4
2026-04-30,CZLC4,XPO,4
2026-04-30,Háje,XPO,4
2026-04-30,Háje,XL,3
2026-04-30,Ostrava,XPO,46
2026-04-30,Ostrava,XL,4
2026-04-30,Plzeň město,XPO,5
2026-04-30,Počernice,VB,1
2026-04-30,Praha - centrála,XPO,34
2026-04-30,Praha - centrála,XL,42
2026-04-30,Praha - centrála,VB,9
2026-04-30,SKLC3,XPO,172
2026-04-30,SKLC3,XL,3
2026-04-30,SKLC3,VB,27
2026-04-30,Čakovice,XPO,26
2026-04-30,Čakovice,XL,15
2026-04-30,Čakovice,VB,3
2026-05-01,Anděl,XPO,13
2026-05-01,Anděl,XL,8
2026-05-01,Brno,XPO,53
2026-05-01,CZLC4,SPO,1
2026-05-01,CZLC4,BPO,2
2026-05-01,Háje,XPO,4
2026-05-01,Ostrava,XPO,9
2026-05-01,Ostrava,XL,2
2026-05-01,Plzeň město,XPO,17
2026-05-01,Plzeň město,XL,5
2026-05-01,Počernice,XPO,37
2026-05-01,Praha - centrála,XPO,61
2026-05-01,Praha - centrála,XL,16
2026-05-01,Praha - centrála,VB,1
2026-05-01,SKLC3,XPO,126
2026-05-01,SKLC3,XL,11
2026-05-01,SKLC3,VB,22
2026-05-01,Čakovice,XPO,37
2026-05-01,Čakovice,XL,2
2026-05-01,Čakovice,VB,3
2026-05-02,Anděl,XPO,18
2026-05-02,Anděl,XL,2
2026-05-02,Brno,XPO,21
2026-05-02,CZLC4,SPO,1
2026-05-02,CZLC4,BPO,1
2026-05-02,Háje,XPO,6
2026-05-02,Háje,XL,2
2026-05-02,Ostrava,XPO,14
2026-05-02,Ostrava,XL,3
2026-05-02,Plzeň město,XPO,26
2026-05-02,Plzeň město,XL,10
2026-05-02,Počernice,XL,2
2026-05-02,Praha - centrála,XPO,78
2026-05-02,Praha - centrála,XL,9
2026-05-02,Praha - centrála,VB,5
2026-05-02,SKLC3,SPO,1
2026-05-02,SKLC3,XPO,184
2026-05-02,SKLC3,VB,9
2026-05-02,Čakovice,XL,2
2026-05-03,Anděl,XPO,4
2026-05-03,Anděl,XL,4
2026-05-03,Brno,XPO,25
2026-05-03,Brno,XL,23
2026-05-03,CZLC4,SPO,7
2026-05-03,CZLC4,BPO,1
2026-05-03,Háje,XPO,1
2026-05-03,Háje,XL,5
2026-05-03,Ostrava,XPO,3
2026-05-03,Ostrava,XL,3
2026-05-03,Plzeň město,XPO,3
2026-05-03,Plzeň město,XL,6
2026-05-03,Počernice,XL,13
2026-05-03,Praha - centrála,XPO,24
2026-05-03,Praha - centrála,XL,19
2026-05-03,Praha - centrála,VB,5
2026-05-03,SKLC3,BPO,1
2026-05-03,SKLC3,XPO,77
2026-05-03,SKLC3,XL,17
2026-05-03,SKLC3,VB,22
2026-05-03,Čakovice,XPO,11
2026-05-03,Čakovice,XL,5
2026-05-03,Čakovice,VB,7
2026-05-04,Brno,XPO,13
2026-05-04,Brno,XL,6
2026-05-04,Háje,XL,3
2026-05-04,Ostrava,XL,2
2026-05-04,Plzeň město,XPO,2
2026-05-04,Plzeň město,XL,6
2026-05-04,Počernice,XL,3
2026-05-04,Praha - centrála,XPO,48
2026-05-04,Praha - centrála,XL,34
2026-05-04,Praha - centrála,VB,3
2026-05-04,SKLC3,XPO,240
2026-05-04,SKLC3,XL,48
2026-05-04,SKLC3,VB,62
2026-05-04,Čakovice,XL,2
2026-05-04,Čakovice,VB,1
2026-05-05,Brno,XPO,4
2026-05-05,CZLC4,SPO,1
2026-05-05,CZLC4,BPO,3
2026-05-05,CZLC4,XPO,8
2026-05-05,Háje,XPO,3
2026-05-05,Háje,XL,3
2026-05-05,Ostrava,XPO,8
2026-05-05,Ostrava,XL,3
2026-05-05,Praha - centrála,XPO,98
2026-05-05,Praha - centrála,XL,14
2026-05-05,Praha - centrála,VB,5
2026-05-05,SKLC3,XPO,297
2026-05-05,SKLC3,XL,58
2026-05-05,SKLC3,VB,106
2026-05-06,Brno,XPO,4
2026-05-06,Brno,XL,4
2026-05-06,CZLC4,SPO,13
2026-05-06,CZLC4,BPO,16
2026-05-06,Háje,XPO,7
2026-05-06,Háje,XL,3
2026-05-06,Ostrava,XPO,18
2026-05-06,Ostrava,XL,8
2026-05-06,Praha - centrála,XPO,81
2026-05-06,Praha - centrála,XL,9
2026-05-06,Praha - centrála,VB,5
2026-05-06,SKLC3,BPO,1
2026-05-06,SKLC3,XPO,240
2026-05-06,SKLC3,XL,3
2026-05-06,SKLC3,VB,107
2026-05-06,Čakovice,XL,10
2026-05-06,Čakovice,VB,5
2026-05-07,Brno,XL,6
2026-05-07,CZLC4,SPO,1
2026-05-07,CZLC4,BPO,18
2026-05-07,Háje,XPO,3
2026-05-07,Háje,XL,1
2026-05-07,Ostrava,XPO,9
2026-05-07,Ostrava,XL,4
2026-05-07,Praha - centrála,XPO,63
2026-05-07,Praha - centrála,XL,13
2026-05-07,Praha - centrála,VB,4
2026-05-07,SKLC3,BPO,1
2026-05-07,SKLC3,XPO,313
2026-05-07,SKLC3,XL,74
2026-05-07,SKLC3,VB,113
2026-05-07,Čakovice,XL,10
2026-05-08,Brno,XPO,10
2026-05-08,Brno,XL,6
2026-05-08,Budějovická,XPO,4
2026-05-08,CZLC4,SPO,6
2026-05-08,CZLC4,BPO,5
2026-05-08,Háje,XPO,3
2026-05-08,Háje,XL,5
2026-05-08,Ostrava,XPO,5
2026-05-08,Ostrava,XL,5
2026-05-08,Plzeň město,XPO,4
2026-05-08,Plzeň město,XL,2
2026-05-08,Počernice,XL,1
2026-05-08,Praha - centrála,XPO,53
2026-05-08,Praha - centrála,XL,17
2026-05-08,Praha - centrála,VB,5
2026-05-08,SKLC3,SPO,2
2026-05-08,SKLC3,XPO,369
2026-05-08,SKLC3,XL,19
2026-05-08,SKLC3,VB,86
2026-05-08,Čakovice,VB,4
2026-05-09,Anděl,XPO,11
2026-05-09,Anděl,XL,4
2026-05-09,Brno,XPO,11
2026-05-09,Brno,XL,12
2026-05-09,CZLC4,SPO,10
2026-05-09,CZLC4,BPO,1
2026-05-09,Háje,XPO,9
2026-05-09,Háje,XL,2
2026-05-09,Ostrava,XPO,14
2026-05-09,Ostrava,XL,4
2026-05-09,Plzeň město,XPO,4
2026-05-09,Praha - centrála,XPO,61
2026-05-09,Praha - centrála,XL,21
2026-05-09,Praha - centrála,VB,2
2026-05-09,SKLC3,XPO,162
2026-05-09,SKLC3,XL,19
2026-05-09,SKLC3,VB,27
2026-05-09,Čakovice,VB,2
2026-05-10,CZLC4,SPO,2
2026-05-10,CZLC4,BPO,2
2026-05-10,Háje,XPO,4
2026-05-10,Háje,XL,7
2026-05-10,Ostrava,XPO,1
2026-05-10,Ostrava,XL,6
2026-05-10,Plzeň město,XPO,1
2026-05-10,Plzeň město,XL,2
2026-05-10,Praha - centrála,XPO,61
2026-05-10,Praha - centrála,XL,32
2026-05-10,Praha - centrála,VB,3
2026-05-10,SKLC3,XPO,182
2026-05-10,SKLC3,XL,27
2026-05-10,SKLC3,VB,33
2026-05-10,Čakovice,XPO,4
2026-05-10,Čakovice,VB,1
2026-05-11,CZLC4,SPO,21
2026-05-11,CZLC4,BPO,6
2026-05-11,Háje,XPO,2
2026-05-11,Háje,XL,2
2026-05-11,Ostrava,XPO,6
2026-05-11,Ostrava,XL,5
2026-05-11,Praha - centrála,XPO,66
2026-05-11,Praha - centrála,XL,16
2026-05-11,Praha - centrála,VB,8
2026-05-11,SKLC3,SPO,3
2026-05-11,SKLC3,BPO,2
2026-05-11,SKLC3,XPO,351
2026-05-11,SKLC3,XL,24
2026-05-11,SKLC3,VB,44
2026-05-11,Čakovice,VB,3
2026-05-12,Brno,XL,2
2026-05-12,CZLC4,SPO,31
2026-05-12,CZLC4,BPO,5
2026-05-12,Háje,XPO,11
2026-05-12,Háje,XL,2
2026-05-12,Ostrava,XPO,18
2026-05-12,Ostrava,XL,1
2026-05-12,Praha - centrála,XPO,18
2026-05-12,SKLC3,SPO,10
2026-05-12,SKLC3,XPO,159
2026-05-12,SKLC3,XL,64
2026-05-12,SKLC3,VB,160
2026-05-13,CZLC4,SPO,21
2026-05-13,CZLC4,BPO,1
2026-05-13,Ostrava,XL,4
2026-05-13,Praha - centrála,XPO,31
2026-05-13,Praha - centrála,XL,8
2026-05-13,Praha - centrála,VB,5
2026-05-13,SKLC3,SPO,2
2026-05-13,SKLC3,XPO,141
2026-05-13,SKLC3,XL,14
2026-05-13,SKLC3,VB,14
2026-05-14,Brno,XL,2
2026-05-14,CZLC4,SPO,17
2026-05-14,CZLC4,BPO,3
2026-05-14,Ostrava,XPO,29
2026-05-14,Ostrava,XL,2
2026-05-14,Praha - centrála,XPO,34
2026-05-14,Praha - centrála,XL,9
2026-05-14,SKLC3,XPO,198
2026-05-14,SKLC3,XL,69
2026-05-14,SKLC3,VB,67
2026-05-15,Brno,XL,11
2026-05-15,CZLC4,SPO,8
2026-05-15,CZLC4,BPO,2
2026-05-15,CZLC4,XPO,2
2026-05-15,Háje,XPO,12
2026-05-15,Háje,XL,9
2026-05-15,Ostrava,XPO,16
2026-05-15,Ostrava,XL,4
2026-05-15,Plzeň město,XL,5
2026-05-15,Praha - centrála,XPO,180
2026-05-15,Praha - centrála,XL,52
2026-05-15,Praha - centrála,VB,16
2026-05-15,SKLC3,SPO,1
2026-05-15,SKLC3,BPO,1
2026-05-15,SKLC3,XPO,655
2026-05-15,SKLC3,XL,116
2026-05-15,SKLC3,VB,176
2026-05-15,Čakovice,XL,8
2026-05-15,Čakovice,VB,2
2026-05-16,Anděl,XPO,44
2026-05-16,CZLC4,SPO,6
2026-05-16,CZLC4,BPO,23
2026-05-16,Háje,XPO,7
2026-05-16,Háje,XL,8
2026-05-16,Ostrava,XPO,12
2026-05-16,Ostrava,XL,4
2026-05-16,Plzeň město,XPO,22
2026-05-16,Plzeň město,XL,2
2026-05-16,Počernice,XPO,5
2026-05-16,Počernice,VB,8
2026-05-16,Praha - centrála,XPO,74
2026-05-16,Praha - centrála,XL,27
2026-05-16,Praha - centrála,VB,7
2026-05-16,SKLC3,BPO,3
2026-05-16,SKLC3,XPO,180
2026-05-16,SKLC3,XL,41
2026-05-16,SKLC3,VB,36
2026-05-16,Čakovice,XPO,33
2026-05-16,Čakovice,VB,2
2026-05-17,Anděl,XL,4
2026-05-17,Brno,XPO,6
2026-05-17,CZLC4,SPO,1
2026-05-17,Háje,XPO,1
2026-05-17,Háje,XL,6
2026-05-17,Ostrava,XPO,11
2026-05-17,Ostrava,XL,8
2026-05-17,Plzeň město,XPO,2
2026-05-17,Praha - centrála,XPO,48
2026-05-17,Praha - centrála,XL,10
2026-05-17,SKLC3,XPO,56
2026-05-17,SKLC3,XL,25
2026-05-17,SKLC3,VB,26
2026-05-17,Čakovice,XPO,14
2026-05-17,Čakovice,VB,7
2026-05-18,CZLC4,SPO,1
2026-05-18,CZLC4,BPO,3
2026-05-18,Háje,XPO,1
2026-05-18,Praha - centrála,XPO,6
2026-05-18,Praha - centrála,XL,1
2026-05-18,Praha - centrála,VB,3
2026-05-18,SKLC3,XPO,79
2026-05-18,SKLC3,XL,37
2026-05-18,SKLC3,VB,30
2026-05-19,CZLC4,SPO,31
2026-05-19,CZLC4,BPO,3
2026-05-19,Háje,XPO,1
2026-05-19,Ostrava,XPO,24
2026-05-19,Ostrava,XL,10
2026-05-19,Praha - centrála,XPO,10
2026-05-19,Praha - centrála,XL,2
2026-05-19,Praha - centrála,VB,3
2026-05-19,SKLC3,XPO,255
2026-05-19,SKLC3,XL,11
2026-05-19,SKLC3,VB,18
2026-05-19,Čakovice,XL,7
2026-05-20,Brno,XPO,16
2026-05-20,Brno,XL,12
2026-05-20,CZLC4,SPO,18
2026-05-20,CZLC4,BPO,25
2026-05-20,Háje,XPO,34
2026-05-20,Háje,XL,12
2026-05-20,Ostrava,XPO,17
2026-05-20,Ostrava,XL,6
2026-05-20,Počernice,XL,16
2026-05-20,Praha - centrála,XPO,183
2026-05-20,Praha - centrála,XL,55
2026-05-20,Praha - centrála,VB,2
2026-05-20,SKLC3,BPO,1
2026-05-20,SKLC3,XPO,467
2026-05-20,SKLC3,XL,95
2026-05-20,SKLC3,VB,221
2026-05-20,Čakovice,XPO,15
2026-05-20,Čakovice,XL,7
2026-05-20,Čakovice,VB,15
2026-05-21,Anděl,XL,10
2026-05-21,Brno,XPO,16
2026-05-21,Brno,XL,8
2026-05-21,CZLC4,SPO,31
2026-05-21,CZLC4,BPO,12
2026-05-21,Háje,XPO,6
2026-05-21,Háje,XL,3
2026-05-21,Ostrava,XPO,9
2026-05-21,Ostrava,XL,6
2026-05-21,Plzeň město,XPO,4
2026-05-21,Počernice,XL,2
2026-05-21,Praha - centrála,XPO,79
2026-05-21,Praha - centrála,XL,15
2026-05-21,Praha - centrála,VB,10
2026-05-21,SKLC3,BPO,1
2026-05-21,SKLC3,XPO,419
2026-05-21,SKLC3,XL,38
2026-05-21,SKLC3,VB,69
2026-05-21,Čakovice,XPO,4
2026-05-22,CZLC4,SPO,15
2026-05-22,CZLC4,BPO,3
2026-05-22,Háje,XPO,10
2026-05-22,Háje,XL,2
2026-05-22,Ostrava,XPO,9
2026-05-22,Ostrava,XL,4
2026-05-22,Počernice,XPO,5
2026-05-22,Praha - centrála,XPO,129
2026-05-22,Praha - centrála,XL,19
2026-05-22,Praha - centrála,VB,8
2026-05-22,SKLC3,SPO,3
2026-05-22,SKLC3,BPO,1
2026-05-22,SKLC3,XPO,158
2026-05-22,SKLC3,XL,6
2026-05-22,SKLC3,VB,72
2026-05-22,Čakovice,XPO,29
2026-05-22,Čakovice,XL,6
2026-05-23,Brno,XPO,19
2026-05-23,Brno,XL,2
2026-05-23,Budějovická,XPO,4
2026-05-23,CZLC4,SPO,2
2026-05-23,Háje,XPO,5
2026-05-23,Háje,XL,4
2026-05-23,Ostrava,XPO,14
2026-05-23,Ostrava,XL,2
2026-05-23,Plzeň město,XPO,1
2026-05-23,Počernice,XPO,20
2026-05-23,Počernice,XL,11
2026-05-23,Praha - centrála,XPO,78
2026-05-23,Praha - centrála,XL,8
2026-05-23,Praha - centrála,VB,4
2026-05-23,SKLC3,XPO,269
2026-05-23,SKLC3,XL,15
2026-05-23,SKLC3,VB,8
2026-05-23,Čakovice,XPO,24
2026-05-23,Čakovice,XL,4
2026-05-24,Brno,XPO,12
2026-05-24,Brno,XL,10
2026-05-24,CZLC4,SPO,4
2026-05-24,Háje,XPO,4
2026-05-24,Háje,XL,2
2026-05-24,Ostrava,XPO,12
2026-05-24,Ostrava,XL,8
2026-05-24,Plzeň město,XPO,6
2026-05-24,Počernice,XPO,8
2026-05-24,Praha - centrála,XPO,65
2026-05-24,Praha - centrála,XL,21
2026-05-24,Praha - centrála,VB,12
2026-05-24,SKLC3,XPO,115
2026-05-24,SKLC3,XL,46
2026-05-24,SKLC3,VB,36
2026-05-24,Čakovice,XL,5
2026-05-25,Anděl,XPO,11
2026-05-25,Brno,XPO,12
2026-05-25,Brno,XL,10
2026-05-25,Budějovická,XPO,6
2026-05-25,CZLC4,SPO,62
2026-05-25,CZLC4,BPO,2
2026-05-25,Háje,XPO,13
2026-05-25,Háje,XL,6
2026-05-25,Ostrava,XPO,7
2026-05-25,Ostrava,XL,2
2026-05-25,Praha - centrála,XPO,57
2026-05-25,Praha - centrála,XL,7
2026-05-25,Praha - centrála,VB,4
2026-05-25,SKLC3,XPO,192
2026-05-25,SKLC3,XL,68
2026-05-25,SKLC3,VB,48
2026-05-25,Čakovice,XL,3
2026-05-25,Čakovice,VB,3
2026-05-26,Anděl,XPO,13
2026-05-26,Anděl,XL,6
2026-05-26,CZLC4,SPO,12
2026-05-26,CZLC4,BPO,4
2026-05-26,CZLC4,XPO,2
2026-05-26,Háje,XPO,17
2026-05-26,Háje,XL,3
2026-05-26,Ostrava,XPO,11
2026-05-26,Ostrava,XL,4
2026-05-26,Praha - centrála,XPO,82
2026-05-26,Praha - centrála,XL,17
2026-05-26,Praha - centrála,VB,6
2026-05-26,SKLC3,XPO,331
2026-05-26,SKLC3,XL,106
2026-05-26,SKLC3,VB,127
2026-05-26,Čakovice,VB,6
2026-05-27,Anděl,XL,2
2026-05-27,Brno,XPO,28
2026-05-27,CZLC4,SPO,4
2026-05-27,CZLC4,BPO,2
2026-05-27,CZLC4,XPO,179
2026-05-27,Háje,XPO,13
2026-05-27,Háje,XL,5
2026-05-27,Ostrava,XPO,8
2026-05-27,Ostrava,XL,1
2026-05-27,Praha - centrála,XPO,86
2026-05-27,Praha - centrála,XL,23
2026-05-27,Praha - centrála,VB,4
2026-05-27,SKLC3,SPO,2
2026-05-27,SKLC3,XPO,209
2026-05-27,SKLC3,XL,14
2026-05-27,SKLC3,VB,60
2026-05-28,Budějovická,XPO,6
2026-05-28,CZLC4,SPO,27
2026-05-28,CZLC4,BPO,8
2026-05-28,CZLC4,XPO,2
2026-05-28,Háje,XPO,17
2026-05-28,Háje,XL,5
2026-05-28,Ostrava,XL,3
2026-05-28,Praha - centrála,XPO,108
2026-05-28,Praha - centrála,XL,17
2026-05-28,Praha - centrála,VB,2
2026-05-28,SKLC3,XPO,244
2026-05-28,SKLC3,XL,5
2026-05-28,SKLC3,VB,168
2026-05-28,Čakovice,XL,2
2026-05-29,Anděl,XPO,14
2026-05-29,Anděl,XL,6
2026-05-29,Brno,XPO,1
2026-05-29,Budějovická,XPO,2
2026-05-29,CZLC4,SPO,12
2026-05-29,CZLC4,BPO,4
2026-05-29,Háje,XPO,3
2026-05-29,Háje,XL,6
2026-05-29,Ostrava,XPO,17
2026-05-29,Ostrava,XL,7
2026-05-29,Plzeň město,XPO,8
2026-05-29,Pobočka Chrášťany,XPO,7
2026-05-29,Praha - centrála,XPO,5
2026-05-29,Praha - centrála,XL,27
2026-05-29,Praha - centrála,VB,6
2026-05-29,SKLC3,BPO,1
2026-05-29,SKLC3,XPO,175
2026-05-29,SKLC3,XL,89
2026-05-29,SKLC3,VB,46
2026-05-29,Čakovice,XL,2
2026-05-29,Čakovice,VB,2
2026-05-30,Anděl,XPO,9
2026-05-30,Brno,XPO,25
2026-05-30,Brno,XL,28
2026-05-30,Budějovická,XPO,2
2026-05-30,CZLC4,SPO,7
2026-05-30,CZLC4,BPO,5
2026-05-30,Háje,XPO,1
2026-05-30,Háje,XL,5
2026-05-30,Ostrava,XPO,31
2026-05-30,Ostrava,XL,3
2026-05-30,Plzeň město,XPO,12
2026-05-30,Plzeň město,XL,6
2026-05-30,Počernice,XL,8
2026-05-30,Praha - centrála,XPO,142
2026-05-30,Praha - centrála,XL,21
2026-05-30,Praha - centrála,VB,42
2026-05-30,SKLC3,XPO,138
2026-05-30,SKLC3,XL,31
2026-05-30,SKLC3,VB,54
2026-05-30,Čakovice,XPO,30
2026-05-30,Čakovice,VB,7
2026-05-31,Anděl,XPO,13
2026-05-31,Brno,XPO,15
2026-05-31,CZLC4,SPO,5
2026-05-31,CZLC4,BPO,1
2026-05-31,Háje,XPO,14
2026-05-31,Háje,XL,1
2026-05-31,Ostrava,XPO,8
2026-05-31,Ostrava,XL,1
2026-05-31,Plzeň město,XPO,8
2026-05-31,Plzeň město,XL,2
2026-05-31,Praha - centrála,XPO,86
2026-05-31,Praha - centrála,XL,21
2026-05-31,Praha - centrála,VB,10
2026-05-31,SKLC3,BPO,2
2026-05-31,SKLC3,XPO,199
2026-05-31,SKLC3,VB,12
2026-05-31,Čakovice,XPO,2
2026-05-31,Čakovice,VB,1
2026-06-01,Anděl,XPO,4
2026-06-01,CZLC4,SPO,5
2026-06-01,CZLC4,BPO,2
2026-06-01,Háje,XL,1
2026-06-01,Ostrava,XPO,10
2026-06-01,Ostrava,XL,5
2026-06-01,Plzeň město,XL,2
2026-06-01,Praha - centrála,XPO,55
2026-06-01,Praha - centrála,XL,21
2026-06-01,Praha - centrála,VB,5
2026-06-01,SKLC3,SPO,1
2026-06-01,SKLC3,XPO,218
2026-06-01,SKLC3,XL,51
2026-06-01,SKLC3,VB,62
2026-06-01,Čakovice,XPO,5
2026-06-01,Čakovice,XL,1
2026-06-02,Brno,XL,2
2026-06-02,CZLC4,SPO,60
2026-06-02,CZLC4,BPO,7
2026-06-02,Háje,XL,5
2026-06-02,Ostrava,XL,3
2026-06-02,Praha - centrála,XPO,84
2026-06-02,Praha - centrála,XL,12
2026-06-02,Praha - centrála,VB,2
2026-06-02,SKLC3,XPO,198
2026-06-02,SKLC3,XL,32
2026-06-02,SKLC3,VB,55
2026-06-02,Čakovice,VB,1
2026-06-03,CZLC4,BPO,3
2026-06-03,Háje,XL,4
2026-06-03,Ostrava,XL,8
2026-06-03,Pobočka Chrášťany,XPO,3
2026-06-03,Praha - centrála,XPO,88
2026-06-03,Praha - centrála,XL,35
2026-06-03,Praha - centrála,VB,5
2026-06-03,SKLC3,XPO,592
2026-06-03,SKLC3,XL,96
2026-06-03,SKLC3,VB,177
2026-06-03,Čakovice,XL,4
2026-06-03,Čakovice,VB,3
2026-06-04,Anděl,XPO,19
2026-06-04,Anděl,XL,2
2026-06-04,Brno,XPO,2
2026-06-04,Budějovická,XL,64
2026-06-04,CZLC4,SPO,9
2026-06-04,CZLC4,BPO,2
2026-06-04,Háje,XL,6
2026-06-04,Ostrava,XL,4
2026-06-04,Plzeň město,XL,5
2026-06-04,Praha - centrála,XPO,73
2026-06-04,Praha - centrála,XL,10
2026-06-04,Praha - centrála,VB,5
2026-06-04,SKLC3,BPO,1
2026-06-04,SKLC3,XPO,426
2026-06-04,SKLC3,XL,97
2026-06-04,SKLC3,VB,116
2026-06-04,Čakovice,XPO,2
2026-06-04,Čakovice,XL,2
2026-06-04,Čakovice,VB,5
2026-06-05,Anděl,XL,2
2026-06-05,Brno,XPO,24
2026-06-05,Brno,XL,12
2026-06-05,Budějovická,XPO,22
2026-06-05,Budějovická,XL,1
2026-06-05,CZLC4,SPO,5
2026-06-05,CZLC4,BPO,9
2026-06-05,Háje,XPO,24
2026-06-05,Háje,XL,5
2026-06-05,Ostrava,XL,5
2026-06-05,Plzeň město,XL,5
2026-06-05,Pobočka Chrášťany,XPO,4
2026-06-05,Praha - centrála,XPO,62
2026-06-05,Praha - centrála,XL,22
2026-06-05,Praha - centrála,VB,4
2026-06-05,SKLC3,XPO,131
2026-06-05,SKLC3,XL,228
2026-06-05,SKLC3,VB,59
2026-06-05,Čakovice,XPO,12
2026-06-05,Čakovice,XL,2
2026-06-05,Čakovice,VB,3
2026-06-06,Brno,XPO,21
2026-06-06,Budějovická,XL,4
2026-06-06,CZLC4,SPO,1
2026-06-06,CZLC4,BPO,2
2026-06-06,Háje,XPO,13
2026-06-06,Háje,XL,4
2026-06-06,Ostrava,XPO,26
2026-06-06,Ostrava,XL,2
2026-06-06,Počernice,XPO,32
2026-06-06,Praha - centrála,XPO,86
2026-06-06,Praha - centrála,XL,19
2026-06-06,Praha - centrála,VB,2
2026-06-06,SKLC3,XPO,584
2026-06-06,SKLC3,XL,162
2026-06-06,SKLC3,VB,38
2026-06-06,Čakovice,XPO,9
2026-06-06,Čakovice,XL,3
2026-06-06,Čakovice,VB,3
2026-06-07,Brno,XPO,22
2026-06-07,Brno,XL,12
2026-06-07,Budějovická,XL,7
2026-06-07,CZLC4,SPO,1
2026-06-07,Háje,XL,6
2026-06-07,Ostrava,XPO,8
2026-06-07,Ostrava,XL,1
2026-06-07,Počernice,XPO,4
2026-06-07,Praha - centrála,XPO,96
2026-06-07,Praha - centrála,XL,29
2026-06-07,Praha - centrála,VB,4
2026-06-07,SKLC3,XPO,257
2026-06-07,SKLC3,XL,13
2026-06-07,SKLC3,VB,48
2026-06-07,Čakovice,XPO,5
2026-06-07,Čakovice,VB,2
2026-06-08,Brno,XPO,15
2026-06-08,CZLC4,SPO,2
2026-06-08,CZLC4,BPO,1
2026-06-08,Háje,XL,6
2026-06-08,Ostrava,XL,6
2026-06-08,Praha - centrála,XPO,83
2026-06-08,Praha - centrála,XL,18
2026-06-08,Praha - centrála,VB,4
2026-06-08,SKLC3,XPO,840
2026-06-08,SKLC3,XL,98
2026-06-08,SKLC3,VB,55
2026-06-08,Čakovice,XPO,1
2026-06-08,Čakovice,XL,8
2026-06-08,Čakovice,VB,7
2026-06-09,Budějovická,XL,3
2026-06-09,CZLC4,SPO,25
2026-06-09,CZLC4,BPO,8
2026-06-09,Háje,XL,6
2026-06-09,Ostrava,XL,5
2026-06-09,Plzeň město,XPO,3
2026-06-09,Pobočka Chrášťany,XPO,3
2026-06-09,Počernice,XL,16
2026-06-09,Praha - centrála,XPO,3
2026-06-09,Praha - centrála,XL,11
2026-06-09,Praha - centrála,VB,5
2026-06-09,SKLC3,XPO,521
2026-06-09,SKLC3,XL,53
2026-06-09,SKLC3,VB,86
2026-06-09,Čakovice,XPO,11
2026-06-09,Čakovice,VB,3
2026-06-10,Anděl,XL,4
2026-06-10,Budějovická,XL,6
2026-06-10,CZLC4,SPO,3
2026-06-10,CZLC4,BPO,2
2026-06-10,Háje,XL,1
2026-06-10,Ostrava,XPO,14
2026-06-10,Ostrava,XL,8
2026-06-10,Praha - centrála,XPO,18
2026-06-10,Praha - centrála,XL,33
2026-06-10,Praha - centrála,VB,2
2026-06-10,SKLC3,BPO,1
2026-06-10,SKLC3,XPO,148
2026-06-10,SKLC3,XL,35
2026-06-10,SKLC3,VB,173
2026-06-10,Čakovice,XPO,1
2026-06-10,Čakovice,VB,1
2026-06-11,Anděl,XL,2
2026-06-11,Brno,XPO,13
2026-06-11,CZLC4,SPO,20
2026-06-11,CZLC4,BPO,38
2026-06-11,Háje,XPO,5
2026-06-11,Háje,XL,3
2026-06-11,Ostrava,XPO,28
2026-06-11,Ostrava,XL,1
2026-06-11,Praha - centrála,XPO,101
2026-06-11,Praha - centrála,XL,11
2026-06-11,Praha - centrála,VB,3
2026-06-11,SKLC3,BPO,4
2026-06-11,SKLC3,XPO,215
2026-06-11,SKLC3,XL,83
2026-06-11,SKLC3,VB,82
2026-06-11,Čakovice,XPO,6
2026-06-11,Čakovice,VB,6
2026-06-12,Brno,XPO,29
2026-06-12,Budějovická,XL,2
2026-06-12,CZLC4,SPO,9
2026-06-12,CZLC4,BPO,2
2026-06-12,Háje,XPO,14
2026-06-12,Háje,XL,1
2026-06-12,Ostrava,XPO,6
2026-06-12,Ostrava,XL,2
2026-06-12,Plzeň město,XPO,9
2026-06-12,Praha - centrála,XPO,50
2026-06-12,Praha - centrála,XL,18
2026-06-12,Praha - centrála,VB,5
2026-06-12,SKLC3,XPO,287
2026-06-12,SKLC3,XL,28
2026-06-12,SKLC3,VB,70
2026-06-12,Čakovice,XPO,17
2026-06-12,Čakovice,XL,1
2026-06-12,Čakovice,VB,3
2026-06-13,Brno,XL,2
2026-06-13,Budějovická,XL,11
2026-06-13,CZLC4,SPO,1
2026-06-13,Háje,XPO,3
2026-06-13,Háje,XL,6
2026-06-13,Ostrava,XPO,26
2026-06-13,Ostrava,XL,2
2026-06-13,Plzeň město,XPO,10
2026-06-13,Plzeň město,XL,1
2026-06-13,Pobočka Chrášťany,XPO,5
2026-06-13,Praha - centrála,XPO,109
2026-06-13,Praha - centrála,XL,21
2026-06-13,Praha - centrála,VB,2
2026-06-13,SKLC3,BPO,2
2026-06-13,SKLC3,XPO,294
2026-06-13,SKLC3,XL,52
2026-06-13,SKLC3,VB,106
2026-06-13,Čakovice,XPO,10
2026-06-13,Čakovice,XL,2
2026-06-13,Čakovice,VB,4
2026-06-14,Brno,XPO,10
2026-06-14,Brno,XL,6
2026-06-14,Budějovická,XL,7
2026-06-14,CZLC4,SPO,7
2026-06-14,CZLC4,BPO,1
2026-06-14,CZLC4,XPO,1
2026-06-14,Háje,XPO,10
2026-06-14,Háje,XL,7
2026-06-14,Ostrava,XPO,2
2026-06-14,Ostrava,XL,4
2026-06-14,Plzeň město,XPO,4
2026-06-14,Pobočka Chrášťany,XPO,1
2026-06-14,Počernice,XPO,7
2026-06-14,Počernice,VB,3
2026-06-14,Praha - centrála,XPO,83
2026-06-14,Praha - centrála,XL,22
2026-06-14,Praha - centrála,VB,6
2026-06-14,SKLC3,SPO,1
2026-06-14,SKLC3,XPO,384
2026-06-14,SKLC3,XL,69
2026-06-14,SKLC3,VB,70
2026-06-14,Čakovice,XPO,18
2026-06-14,Čakovice,VB,7
2026-06-15,Brno,XL,2
2026-06-15,Budějovická,XL,2
2026-06-15,CZLC4,SPO,1
2026-06-15,CZLC4,BPO,2
2026-06-15,Háje,XL,5
2026-06-15,Ostrava,XL,3
2026-06-15,Praha - centrála,XPO,42
2026-06-15,Praha - centrála,XL,24
2026-06-15,Praha - centrála,VB,6
2026-06-15,SKLC3,XPO,268
2026-06-15,SKLC3,XL,22
2026-06-15,SKLC3,VB,109
2026-06-15,Čakovice,XL,2
2026-06-15,Čakovice,VB,2
2026-06-16,Budějovická,XL,2
2026-06-16,CZLC4,SPO,56
2026-06-16,CZLC4,BPO,20
2026-06-16,CZLC4,XPO,516
2026-06-16,Háje,XL,5
2026-06-16,Ostrava,XL,4
2026-06-16,Praha - centrála,XPO,21
2026-06-16,Praha - centrála,XL,19
2026-06-16,Praha - centrála,VB,4
2026-06-16,SKLC3,BPO,1
2026-06-16,SKLC3,XPO,193
2026-06-16,SKLC3,XL,4
2026-06-16,SKLC3,VB,80
2026-06-16,Čakovice,VB,3
2026-06-17,Anděl,XL,8
2026-06-17,CZLC4,SPO,43
2026-06-17,CZLC4,BPO,11
2026-06-17,Háje,XL,4
2026-06-17,Ostrava,XL,5
2026-06-17,Praha - centrála,XPO,27
2026-06-17,Praha - centrála,XL,20
2026-06-17,Praha - centrála,VB,3
2026-06-17,SKLC3,SPO,1
2026-06-17,SKLC3,XPO,396
2026-06-17,SKLC3,XL,39
2026-06-17,SKLC3,VB,220
2026-06-17,Čakovice,VB,1
2026-06-18,Anděl,XL,2
2026-06-18,Brno,XL,2
2026-06-18,Budějovická,XL,4
2026-06-18,CZLC4,SPO,17
2026-06-18,CZLC4,BPO,7
2026-06-18,Háje,XL,5
2026-06-18,Ostrava,XPO,16
2026-06-18,Ostrava,XL,5
2026-06-18,Počernice,VB,1
2026-06-18,Praha - centrála,XPO,113
2026-06-18,Praha - centrála,XL,27
2026-06-18,Praha - centrála,VB,7
2026-06-18,SKLC3,XPO,269
2026-06-18,SKLC3,XL,39
2026-06-18,SKLC3,VB,84
2026-06-18,Čakovice,VB,3
2026-06-19,Brno,XL,6
2026-06-19,CZLC4,SPO,4
2026-06-19,CZLC4,BPO,15
2026-06-19,Háje,XL,7
2026-06-19,Ostrava,XL,4
2026-06-19,Praha - centrála,XPO,56
2026-06-19,Praha - centrála,XL,25
2026-06-19,Praha - centrála,VB,7
2026-06-19,SKLC3,SPO,4
2026-06-19,SKLC3,XPO,280
2026-06-19,SKLC3,XL,18
2026-06-19,SKLC3,VB,30
2026-06-19,Čakovice,XPO,10
2026-06-20,Brno,XPO,18
2026-06-20,Brno,XL,4
2026-06-20,CZLC4,SPO,6
2026-06-20,Háje,XL,4
2026-06-20,Ostrava,XPO,5
2026-06-20,Ostrava,XL,2
2026-06-20,Plzeň město,XPO,12
2026-06-20,Pobočka Chrášťany,XPO,1
2026-06-20,Počernice,XPO,18
2026-06-20,Počernice,XL,10
2026-06-20,Praha - centrála,XPO,33
2026-06-20,Praha - centrála,XL,1
2026-06-20,Praha - centrála,VB,2
2026-06-20,SKLC3,BPO,2
2026-06-20,SKLC3,XPO,203
2026-06-20,SKLC3,XL,74
2026-06-20,SKLC3,VB,26
2026-06-20,Čakovice,XPO,29
2026-06-20,Čakovice,VB,1
2026-06-21,Brno,XPO,29
2026-06-21,Brno,XL,14
2026-06-21,Háje,XPO,29
2026-06-21,Háje,XL,4
2026-06-21,Ostrava,XPO,8
2026-06-21,Ostrava,XL,4
2026-06-21,Pobočka Chrášťany,XPO,4
2026-06-21,Praha - centrála,XPO,18
2026-06-21,Praha - centrála,XL,21
2026-06-21,Praha - centrála,VB,4
2026-06-21,SKLC3,XPO,10
2026-06-21,SKLC3,VB,5
2026-06-21,Čakovice,XPO,9
2026-06-21,Čakovice,VB,2
2026-06-22,Brno,XPO,16
2026-06-22,Brno,XL,6
2026-06-22,Budějovická,XL,5
2026-06-22,CZLC4,SPO,1
2026-06-22,CZLC4,BPO,4
2026-06-22,CZLC4,XPO,3
2026-06-22,Háje,XL,6
2026-06-22,Ostrava,XL,3
2026-06-22,Počernice,XL,2
2026-06-22,SKLC3,XPO,109
2026-06-22,SKLC3,XL,2
2026-06-22,SKLC3,VB,80
2026-06-22,Čakovice,VB,1
2026-06-23,CZLC4,SPO,24
2026-06-23,CZLC4,BPO,6
2026-06-23,Háje,XL,3
2026-06-23,Ostrava,XL,2
2026-06-23,Praha - centrála,XL,21
2026-06-23,SKLC3,XPO,16
2026-06-23,SKLC3,XL,1
2026-06-23,SKLC3,VB,15
2026-06-23,Čakovice,VB,3
2026-06-24,Budějovická,XL,2
2026-06-24,CZLC4,SPO,4
2026-06-24,CZLC4,BPO,10
2026-06-24,Háje,XL,1
2026-06-24,Ostrava,XL,4
2026-06-24,SKLC3,SPO,1
2026-06-24,SKLC3,XPO,17
2026-06-24,SKLC3,XL,1
2026-06-24,SKLC3,VB,13
2026-06-24,Čakovice,VB,4
2026-06-25,Brno,XPO,36
2026-06-25,Brno,XL,12
2026-06-25,Budějovická,XL,13
2026-06-25,CZLC4,SPO,13
2026-06-25,CZLC4,BPO,4
2026-06-25,Ostrava,XL,5
2026-06-25,Praha - centrála,XL,41
2026-06-25,Praha - centrála,VB,16
2026-06-25,SKLC3,SPO,1
2026-06-25,SKLC3,BPO,2
2026-06-25,SKLC3,XPO,16
2026-06-25,SKLC3,XL,2
2026-06-25,SKLC3,VB,18
2026-06-25,Čakovice,VB,9
2026-06-26,Brno,XPO,17
2026-06-26,Brno,XL,2
2026-06-26,Budějovická,XL,2
2026-06-26,CZLC4,SPO,10
2026-06-26,CZLC4,BPO,1
2026-06-26,Háje,XL,4
2026-06-26,Ostrava,XL,1
2026-06-26,Počernice,XPO,19
2026-06-26,Počernice,VB,3
2026-06-26,Praha - centrála,XL,23
2026-06-26,Praha - centrála,VB,2
2026-06-26,SKLC3,XPO,19
2026-06-26,SKLC3,VB,12
2026-06-26,Čakovice,VB,4
2026-06-27,Anděl,XPO,35
2026-06-27,Brno,XPO,17
2026-06-27,Brno,XL,2
2026-06-27,Budějovická,XL,7
2026-06-27,Háje,XPO,31
2026-06-27,Háje,XL,8
2026-06-27,Ostrava,XL,3
2026-06-27,Plzeň město,XL,4
2026-06-27,Pobočka Chrášťany,XPO,6
2026-06-27,Počernice,XPO,7
2026-06-27,Praha - centrála,XL,10
2026-06-27,Praha - centrála,VB,3
2026-06-27,SKLC3,XPO,10
2026-06-27,SKLC3,VB,5
2026-06-27,Čakovice,VB,3
2026-06-28,Anděl,XPO,2
2026-06-28,Brno,XPO,14
2026-06-28,Brno,XL,8
2026-06-28,Budějovická,XL,10
2026-06-28,CZLC4,BPO,1
2026-06-28,Háje,XPO,22
2026-06-28,Háje,XL,7
2026-06-28,Ostrava,XL,2
2026-06-28,Plzeň město,XL,5
2026-06-28,Počernice,XPO,8
2026-06-28,Praha - centrála,XPO,44
2026-06-28,Praha - centrála,XL,20
2026-06-28,Praha - centrála,VB,3
2026-06-28,Čakovice,XPO,19
2026-06-28,Čakovice,XL,8
2026-06-28,Čakovice,VB,7
2026-06-29,Anděl,XL,8
2026-06-29,Brno,XL,4
2026-06-29,CZLC4,SPO,35
2026-06-29,CZLC4,BPO,21
2026-06-29,Hradec,XPO,1
2026-06-29,Háje,XPO,6
2026-06-29,Háje,XL,4
2026-06-29,Ostrava,XL,3
2026-06-29,Praha - centrála,XPO,100
2026-06-29,Praha - centrála,XL,8
2026-06-29,Praha - centrála,VB,3
2026-06-29,SKLC3,XPO,26
2026-06-29,SKLC3,XL,9
2026-06-29,SKLC3,VB,19
2026-06-29,Čakovice,XL,2
2026-06-30,Brno,XL,2
2026-06-30,CZLC4,SPO,34
2026-06-30,CZLC4,BPO,14
2026-06-30,Háje,XL,2
2026-06-30,Ostrava,XPO,7
2026-06-30,Ostrava,XL,4
2026-06-30,Praha - centrála,XPO,80
2026-06-30,Praha - centrála,XL,13
2026-06-30,Praha - centrála,VB,3
2026-06-30,SKLC3,SPO,1
2026-06-30,SKLC3,XPO,54
2026-06-30,SKLC3,XL,1
2026-06-30,Čakovice,XL,4
2026-06-30,Čakovice,VB,5
2026-07-01,Anděl,XL,8
2026-07-01,CZLC4,SPO,35
2026-07-01,CZLC4,BPO,37
2026-07-01,Hradec,XPO,4
2026-07-01,Hradec,XL,2
2026-07-01,Ostrava,XPO,6
2026-07-01,Ostrava,XL,2
2026-07-01,Praha - centrála,XPO,193
2026-07-01,Praha - centrála,XL,12
2026-07-01,Praha - centrála,VB,4
2026-07-01,SKLC3,SPO,5
2026-07-01,SKLC3,BPO,9
2026-07-01,SKLC3,XPO,217
2026-07-01,SKLC3,XL,8
2026-07-01,SKLC3,VB,8
2026-07-01,Čakovice,XPO,3
2026-07-01,Čakovice,XL,10
2026-07-02,Anděl,XL,2
2026-07-02,Brno,XPO,4
2026-07-02,CZLC4,SPO,22
2026-07-02,CZLC4,BPO,6
2026-07-02,Háje,XL,3
2026-07-02,Ostrava,XPO,20
2026-07-02,Ostrava,XL,8
2026-07-02,Počernice,XL,4
2026-07-02,Praha - centrála,XPO,57
2026-07-02,Praha - centrála,XL,17
2026-07-02,Praha - centrála,VB,1
2026-07-02,SKLC3,BPO,4
2026-07-02,SKLC3,XPO,79
2026-07-02,SKLC3,XL,2
2026-07-02,SKLC3,VB,19
2026-07-02,Čakovice,XPO,6
2026-07-03,Brno,XPO,38
2026-07-03,CZLC4,SPO,12
2026-07-03,CZLC4,BPO,21
2026-07-03,Háje,XPO,8
2026-07-03,Háje,XL,5
2026-07-03,Ostrava,XPO,39
2026-07-03,Ostrava,XL,1
2026-07-03,Plzeň město,XPO,22
2026-07-03,Pobočka Chrášťany,XPO,3
2026-07-03,Počernice,XL,2
2026-07-03,Praha - centrála,XPO,96
2026-07-03,Praha - centrála,XL,13
2026-07-03,Praha - centrála,VB,4
2026-07-03,SKLC3,SPO,5
2026-07-03,SKLC3,BPO,3
2026-07-03,SKLC3,XPO,34
2026-07-03,SKLC3,XL,1
2026-07-03,SKLC3,VB,6
2026-07-03,Čakovice,XPO,32
2026-07-03,Čakovice,XL,4
2026-07-03,Čakovice,VB,11
2026-07-04,Anděl,XL,4
2026-07-04,Brno,XPO,34
2026-07-04,Budějovická,XPO,30
2026-07-04,CZLC4,SPO,11
2026-07-04,CZLC4,BPO,3
2026-07-04,Háje,XPO,11
2026-07-04,Háje,XL,5
2026-07-04,Ostrava,XPO,8
2026-07-04,Ostrava,XL,1
2026-07-04,Plzeň město,XPO,63
2026-07-04,Plzeň město,XL,6
2026-07-04,Počernice,XPO,17
2026-07-04,Počernice,XL,25
2026-07-04,Počernice,VB,1
2026-07-04,Praha - centrála,XPO,95
2026-07-04,Praha - centrála,XL,21
2026-07-04,Praha - centrála,VB,5
2026-07-04,SKLC3,XPO,19
2026-07-04,SKLC3,XL,2
2026-07-04,SKLC3,VB,14
2026-07-04,Čakovice,XPO,7
2026-07-04,Čakovice,XL,5
2026-07-04,Čakovice,VB,3
2026-07-05,Brno,XL,2
2026-07-05,CZLC4,SPO,14
2026-07-05,CZLC4,BPO,2
2026-07-05,Háje,XPO,2
2026-07-05,Háje,XL,5
2026-07-05,Ostrava,XPO,9
2026-07-05,Ostrava,XL,1
2026-07-05,Praha - centrála,XPO,48
2026-07-05,Praha - centrála,XL,20
2026-07-05,Praha - centrála,VB,4
2026-07-05,Čakovice,XPO,1
2026-07-05,Čakovice,VB,2
2026-07-06,Anděl,XL,2
2026-07-06,CZLC4,SPO,3
2026-07-06,CZLC4,BPO,9
2026-07-06,CZLC4,XPO,1
2026-07-06,Háje,XPO,3
2026-07-06,Háje,XL,4
2026-07-06,Ostrava,XPO,13
2026-07-06,Ostrava,XL,7
2026-07-06,Počernice,VB,2
2026-07-06,Praha - centrála,XPO,38
2026-07-06,Praha - centrála,XL,29
2026-07-06,Praha - centrála,VB,2
2026-07-06,SKLC3,XPO,159
2026-07-06,SKLC3,XL,4
2026-07-06,SKLC3,VB,14
2026-07-06,Čakovice,XL,2
2026-07-07,CZLC4,SPO,20
2026-07-07,CZLC4,BPO,49
2026-07-07,Háje,XL,6
2026-07-07,Ostrava,XPO,6
2026-07-07,Ostrava,XL,4
2026-07-07,Počernice,XL,6
2026-07-07,Praha - centrála,XPO,65
2026-07-07,Praha - centrála,XL,19
2026-07-07,Praha - centrála,VB,6
2026-07-07,SKLC3,SPO,1
2026-07-07,SKLC3,XPO,30
2026-07-07,SKLC3,XL,2
2026-07-07,SKLC3,VB,42
2026-07-07,Čakovice,XL,2
2026-07-07,Čakovice,VB,1
2026-07-08,CZLC4,SPO,10
2026-07-08,CZLC4,BPO,2
2026-07-08,Háje,XL,4
2026-07-08,Ostrava,XPO,14
2026-07-08,Ostrava,XL,5
2026-07-08,Plzeň město,XL,1
2026-07-08,Praha - centrála,XPO,82
2026-07-08,Praha - centrála,XL,18
2026-07-08,Praha - centrála,VB,10
2026-07-08,SKLC3,XPO,45
2026-07-08,SKLC3,XL,6
2026-07-08,SKLC3,VB,12
2026-07-09,Anděl,XL,2
2026-07-09,Budějovická,XL,2
2026-07-09,CZLC4,SPO,26
2026-07-09,CZLC4,BPO,6
2026-07-09,Hradec,XL,2
2026-07-09,Háje,XL,2
2026-07-09,Ostrava,XPO,11
2026-07-09,Ostrava,XL,2
2026-07-09,Plzeň město,XPO,6
2026-07-09,Plzeň město,XL,10
2026-07-09,Pobočka Chrášťany,XPO,1
2026-07-09,Počernice,XPO,11
2026-07-09,Praha - centrála,XPO,50
2026-07-09,Praha - centrála,XL,41
2026-07-09,Praha - centrála,VB,6
2026-07-09,SKLC3,XPO,40
2026-07-09,SKLC3,XL,2
2026-07-09,SKLC3,VB,24
2026-07-09,Čakovice,VB,5
2026-07-10,Brno,XL,2
2026-07-10,Budějovická,XL,2
2026-07-10,CZLC4,SPO,15
2026-07-10,CZLC4,BPO,1
2026-07-10,Háje,XPO,15
2026-07-10,Háje,XL,2
2026-07-10,Ostrava,XPO,7
2026-07-10,Ostrava,XL,4
2026-07-10,Plzeň město,XPO,5
2026-07-10,Plzeň město,XL,6
2026-07-10,Počernice,XPO,7
2026-07-10,Počernice,XL,10
2026-07-10,Praha - centrála,XPO,96
2026-07-10,Praha - centrála,XL,18
2026-07-10,Praha - centrála,VB,8
2026-07-10,SKLC3,XPO,186
2026-07-10,SKLC3,XL,13
2026-07-10,SKLC3,VB,14
2026-07-10,Čakovice,XPO,14
2026-07-10,Čakovice,VB,4
2026-07-11,Anděl,XL,6
2026-07-11,Brno,XL,2
2026-07-11,Budějovická,XPO,14
2026-07-11,Budějovická,XL,19
2026-07-11,CZLC4,SPO,4
2026-07-11,CZLC4,BPO,2
2026-07-11,Háje,XPO,5
2026-07-11,Háje,XL,10
2026-07-11,Ostrava,XPO,8
2026-07-11,Ostrava,XL,6
2026-07-11,Plzeň město,XPO,6
2026-07-11,Plzeň město,XL,2
2026-07-11,Počernice,XPO,2
2026-07-11,Počernice,VB,1
2026-07-11,Praha - centrála,XPO,52
2026-07-11,Praha - centrála,XL,11
2026-07-11,Praha - centrála,VB,3
2026-07-11,SKLC3,XPO,21
2026-07-11,SKLC3,XL,4
2026-07-11,SKLC3,VB,12
2026-07-11,Čakovice,XPO,24
2026-07-11,Čakovice,VB,1
2026-07-12,Brno,XPO,32
2026-07-12,CZLC4,SPO,21
2026-07-12,CZLC4,BPO,5
2026-07-12,Háje,XPO,10
2026-07-12,Háje,XL,3
2026-07-12,Ostrava,XPO,14
2026-07-12,Ostrava,XL,4
2026-07-12,Plzeň město,XPO,20
2026-07-12,Počernice,XPO,4
2026-07-12,Počernice,XL,2
2026-07-12,Praha - centrála,XPO,58
2026-07-12,Praha - centrála,XL,28
2026-07-12,Praha - centrála,VB,6
2026-07-12,SKLC3,XPO,19
2026-07-12,Čakovice,XL,1
2026-07-12,Čakovice,VB,5
2026-07-13,Brno,XL,12
2026-07-13,Budějovická,XL,2
2026-07-13,CZLC4,SPO,7
2026-07-13,CZLC4,BPO,12
2026-07-13,Háje,XPO,3
2026-07-13,Háje,XL,7
2026-07-13,Ostrava,XPO,9
2026-07-13,Ostrava,XL,2
2026-07-13,Počernice,XL,2
2026-07-13,Praha - centrála,XPO,61
2026-07-13,Praha - centrála,XL,14
2026-07-13,Praha - centrála,VB,4
2026-07-13,SKLC3,XPO,34
2026-07-13,SKLC3,XL,1
2026-07-13,SKLC3,VB,19
2026-07-13,Čakovice,VB,5
2026-07-14,Anděl,XL,2
2026-07-14,Brno,XL,2
2026-07-14,CZLC4,SPO,21
2026-07-14,CZLC4,BPO,4
2026-07-14,CZLC4,XPO,11
2026-07-14,Hradec,XPO,4
2026-07-14,Ostrava,XPO,13
2026-07-14,Ostrava,XL,4
2026-07-14,Praha - centrála,XPO,77
2026-07-14,Praha - centrála,XL,22
2026-07-14,Praha - centrála,VB,2
2026-07-14,SKLC3,SPO,1
2026-07-14,SKLC3,XPO,56
2026-07-14,SKLC3,XL,6
2026-07-14,SKLC3,VB,2
2026-07-14,Čakovice,VB,4
2026-07-15,Brno,XPO,27
2026-07-15,Brno,XL,6
2026-07-15,Budějovická,XL,10
2026-07-15,CZLC4,SPO,20
2026-07-15,CZLC4,BPO,15
2026-07-15,Háje,XL,2
2026-07-15,Ostrava,XPO,8
2026-07-15,Ostrava,XL,5
2026-07-15,Plzeň město,XL,4
2026-07-15,Pobočka Chrášťany,XPO,1
2026-07-15,Počernice,VB,1
2026-07-15,Praha - centrála,XPO,59
2026-07-15,Praha - centrála,XL,21
2026-07-15,Praha - centrála,VB,3
2026-07-15,SKLC3,XPO,41
2026-07-15,SKLC3,VB,44
2026-07-15,Čakovice,XL,5
2026-07-15,Čakovice,VB,3
2026-07-16,Brno,XPO,12
2026-07-16,Brno,XL,12
2026-07-16,Budějovická,XL,2
2026-07-16,CZLC4,SPO,49
2026-07-16,CZLC4,BPO,7
2026-07-16,Háje,XPO,7
2026-07-16,Háje,XL,6
2026-07-16,Ostrava,XPO,7
2026-07-16,Ostrava,XL,2
2026-07-16,Počernice,XPO,13
2026-07-16,Praha - centrála,XPO,60
2026-07-16,Praha - centrála,XL,23
2026-07-16,Praha - centrála,VB,4
2026-07-16,SKLC3,XPO,33
2026-07-16,SKLC3,VB,31
2026-07-16,Čakovice,XPO,13
2026-07-17,Brno,XPO,4
2026-07-17,Budějovická,XL,2
2026-07-17,CZLC4,SPO,13
2026-07-17,CZLC4,BPO,4
2026-07-17,Háje,XPO,7
2026-07-17,Ostrava,XPO,1
2026-07-17,Plzeň město,XPO,23
2026-07-17,Počernice,XL,4
2026-07-17,Praha - centrála,XPO,47
2026-07-17,Praha - centrála,XL,11
2026-07-17,Praha - centrála,VB,8
2026-07-17,SKLC3,XPO,28
2026-07-17,SKLC3,XL,3
2026-07-17,SKLC3,VB,18
2026-07-17,Čakovice,XPO,2
2026-07-18,SKLC3,XPO,40
2026-07-18,SKLC3,XL,5
2026-07-19,Anděl,XL,2
2026-07-19,Brno,XPO,9
2026-07-19,Brno,XL,8
2026-07-19,Budějovická,XL,13
2026-07-19,CZLC4,SPO,1
2026-07-19,Háje,XPO,6
2026-07-19,Háje,XL,6
2026-07-19,Ostrava,XPO,15
2026-07-19,Ostrava,XL,6
2026-07-19,Plzeň město,XPO,15
2026-07-19,Počernice,XPO,3
2026-07-19,Počernice,XL,10
2026-07-19,Praha - centrála,XPO,153
2026-07-19,Praha - centrála,XL,41
2026-07-19,Praha - centrála,VB,9
2026-07-19,SKLC3,XPO,14
2026-07-19,Čakovice,XPO,14
2026-07-19,Čakovice,VB,8
2026-07-20,Brno,XPO,8
2026-07-20,Brno,XL,4
2026-07-20,Budějovická,XL,6
2026-07-20,CZLC4,SPO,14
2026-07-20,CZLC4,BPO,11
2026-07-20,Háje,XPO,3
2026-07-20,Háje,XL,4
2026-07-20,Ostrava,XPO,4
2026-07-20,Ostrava,XL,2
2026-07-20,Plzeň město,XPO,12
2026-07-20,Počernice,XL,5
2026-07-20,Počernice,VB,1
2026-07-20,Praha - centrála,XPO,81
2026-07-20,Praha - centrála,XL,25
2026-07-20,Praha - centrála,VB,1
2026-07-20,SKLC3,BPO,1
2026-07-20,SKLC3,XPO,45
2026-07-20,SKLC3,XL,3
2026-07-20,SKLC3,VB,22
2026-07-20,Čakovice,XL,25
2026-07-20,Čakovice,VB,2
2026-07-21,Brno,XPO,8
2026-07-21,Brno,XL,6
2026-07-21,CZLC4,SPO,2
2026-07-21,CZLC4,BPO,1
2026-07-21,Háje,XPO,9
2026-07-21,Háje,XL,5
2026-07-21,Ostrava,XPO,6
2026-07-21,Ostrava,XL,8
2026-07-21,Plzeň město,XL,2
2026-07-21,Počernice,VB,1
2026-07-21,Praha - centrála,XPO,62
2026-07-21,Praha - centrála,XL,24
2026-07-21,Praha - centrála,VB,4
2026-07-21,SKLC3,XPO,424
2026-07-21,SKLC3,XL,43
2026-07-21,SKLC3,VB,95
2026-07-21,Čakovice,XL,13
2026-07-21,Čakovice,VB,3
2026-07-22,Anděl,XPO,10
2026-07-22,Brno,XL,1
2026-07-22,Budějovická,XL,2
2026-07-22,CZLC4,SPO,5
2026-07-22,CZLC4,BPO,41
2026-07-22,Háje,XPO,10
2026-07-22,Háje,XL,2
2026-07-22,Ostrava,XPO,11
2026-07-22,Ostrava,XL,1
2026-07-22,Plzeň město,XPO,14
2026-07-22,Plzeň město,XL,8
2026-07-22,Počernice,XL,2
2026-07-22,Praha - centrála,XPO,82
2026-07-22,Praha - centrála,XL,24
2026-07-22,Praha - centrála,VB,7
2026-07-22,SKLC3,BPO,1
2026-07-22,SKLC3,XPO,318
2026-07-22,SKLC3,XL,18
2026-07-22,SKLC3,VB,12
2026-07-22,Čakovice,XL,2
2026-07-22,Čakovice,VB,5
2026-07-23,Anděl,XPO,39
2026-07-23,Brno,XPO,18
2026-07-23,Budějovická,XPO,12
2026-07-23,Budějovická,XL,8
2026-07-23,CZLC4,SPO,10
2026-07-23,CZLC4,BPO,4
2026-07-23,Ostrava,XPO,6
2026-07-23,Ostrava,XL,1
2026-07-23,Plzeň město,XPO,24
2026-07-23,Plzeň město,XL,8
2026-07-23,Pobočka Chrášťany,XPO,2
2026-07-23,Počernice,XL,6
2026-07-23,Praha - centrála,XPO,62
2026-07-23,Praha - centrála,XL,20
2026-07-23,Praha - centrála,VB,6
2026-07-23,SKLC3,XPO,594
2026-07-23,SKLC3,XL,194
2026-07-23,SKLC3,VB,23
2026-07-23,Čakovice,XPO,15
2026-07-23,Čakovice,VB,2
2026-07-24,Anděl,XPO,5
2026-07-24,Brno,XPO,51
2026-07-24,Brno,XL,6
2026-07-24,Budějovická,XL,9
2026-07-24,CZLC4,SPO,33
2026-07-24,CZLC4,BPO,3
2026-07-24,Háje,XPO,10
2026-07-24,Háje,XL,3
2026-07-24,Ostrava,XPO,13
2026-07-24,Ostrava,XL,5
2026-07-24,Počernice,XL,2
2026-07-24,Praha - centrála,XPO,56
2026-07-24,Praha - centrála,XL,27
2026-07-24,Praha - centrála,VB,3
2026-07-24,SKLC3,BPO,1
2026-07-24,SKLC3,XPO,1182
2026-07-24,SKLC3,XL,227
2026-07-24,SKLC3,VB,174
2026-07-24,Čakovice,XPO,4
2026-07-24,Čakovice,VB,3
2026-07-25,Anděl,XL,16
2026-07-25,Brno,XPO,10
2026-07-25,Brno,XL,8
2026-07-25,Budějovická,XPO,4
2026-07-25,Budějovická,XL,6
2026-07-25,CZLC4,SPO,16
2026-07-25,CZLC4,BPO,2
2026-07-25,Háje,XPO,8
2026-07-25,Háje,XL,1
2026-07-25,Ostrava,XPO,6
2026-07-25,Ostrava,XL,3
2026-07-25,Plzeň město,XPO,7
2026-07-25,Plzeň město,XL,8
2026-07-25,Počernice,VB,2
2026-07-25,Praha - centrála,XPO,73
2026-07-25,Praha - centrála,XL,15
2026-07-25,Praha - centrála,VB,3
2026-07-25,SKLC3,XPO,282
2026-07-25,SKLC3,XL,33
2026-07-25,SKLC3,VB,335
2026-07-25,Čakovice,XPO,14
2026-07-25,Čakovice,XL,8
2026-07-25,Čakovice,VB,3
2026-07-26,Anděl,XPO,4
2026-07-26,Anděl,XL,2
2026-07-26,Brno,XPO,11
2026-07-26,Brno,XL,6
2026-07-26,Budějovická,XPO,12
2026-07-26,CZLC4,SPO,30
2026-07-26,CZLC4,BPO,21
2026-07-26,Háje,XPO,7
2026-07-26,Háje,XL,2
2026-07-26,Ostrava,XPO,1
2026-07-26,Plzeň město,XPO,8
2026-07-26,Počernice,VB,1
2026-07-26,Praha - centrála,XPO,35
2026-07-26,Praha - centrála,XL,19
2026-07-26,Praha - centrála,VB,4
2026-07-26,SKLC3,SPO,1
2026-07-26,SKLC3,BPO,2
2026-07-26,SKLC3,XPO,156
2026-07-26,SKLC3,XL,18
2026-07-26,SKLC3,VB,4
2026-07-26,Čakovice,XPO,6
2026-07-26,Čakovice,VB,2
2026-07-27,Anděl,XPO,2
2026-07-27,Anděl,XL,2
2026-07-27,Brno,XPO,7
2026-07-27,Brno,XL,6
2026-07-27,CZLC4,SPO,18
2026-07-27,CZLC4,BPO,29
2026-07-27,Háje,XPO,1
2026-07-27,Háje,XL,1
2026-07-27,Ostrava,XPO,4
2026-07-27,Ostrava,XL,1
2026-07-27,Praha - centrála,XPO,65
2026-07-27,Praha - centrála,XL,29
2026-07-27,Praha - centrála,VB,5
2026-07-27,SKLC3,XPO,1039
2026-07-27,SKLC3,XL,115
2026-07-27,SKLC3,VB,82
2026-07-27,Čakovice,XPO,13
2026-07-27,Čakovice,XL,6
2026-07-27,Čakovice,VB,1
2026-07-28,Brno,XL,8
2026-07-28,Budějovická,XL,11
2026-07-28,CZLC4,SPO,37
2026-07-28,CZLC4,BPO,3
2026-07-28,Háje,XPO,2
2026-07-28,Háje,XL,2
2026-07-28,Ostrava,XPO,6
2026-07-28,Ostrava,XL,3
2026-07-28,Počernice,XL,9
2026-07-28,Praha - centrála,XPO,54
2026-07-28,Praha - centrála,XL,14
2026-07-28,Praha - centrála,VB,7
2026-07-28,SKLC3,XPO,502
2026-07-28,SKLC3,XL,69
2026-07-28,SKLC3,VB,139
2026-07-28,Čakovice,XPO,16
2026-07-28,Čakovice,VB,2
2026-07-29,Brno,XL,8
2026-07-29,CZLC4,SPO,4
2026-07-29,CZLC4,BPO,4
2026-07-29,Háje,XPO,4
2026-07-29,Háje,XL,9
2026-07-29,Ostrava,XPO,15
2026-07-29,Ostrava,XL,4
2026-07-29,Počernice,XPO,14
2026-07-29,Počernice,XL,4
2026-07-29,Praha - centrála,XPO,77
2026-07-29,Praha - centrála,XL,26
2026-07-29,Praha - centrála,VB,5
2026-07-29,SKLC3,BPO,2
2026-07-29,SKLC3,XPO,127
2026-07-29,SKLC3,XL,49
2026-07-29,SKLC3,VB,44
2026-07-29,Čakovice,XL,6
2026-07-29,Čakovice,VB,3
2026-07-30,Anděl,XL,2
2026-07-30,Brno,XL,2
2026-07-30,Budějovická,XL,14
2026-07-30,CZLC4,SPO,19
2026-07-30,CZLC4,BPO,5
2026-07-30,Háje,XPO,5
2026-07-30,Háje,XL,5
2026-07-30,Ostrava,XPO,3
2026-07-30,Ostrava,XL,5
2026-07-30,Plzeň město,XPO,11
2026-07-30,Počernice,XL,1
2026-07-30,Praha - centrála,XPO,42
2026-07-30,Praha - centrála,XL,25
2026-07-30,Praha - centrála,VB,5
2026-07-30,SKLC3,SPO,1
2026-07-30,SKLC3,BPO,6
2026-07-30,SKLC3,XPO,207
2026-07-30,SKLC3,XL,31
2026-07-30,SKLC3,VB,78
2026-07-30,Čakovice,XL,3
2026-07-30,Čakovice,VB,5
2026-07-31,Brno,XPO,25
2026-07-31,Brno,XL,8
2026-07-31,CZLC4,SPO,3
2026-07-31,CZLC4,BPO,1
2026-07-31,Hradec,XL,2
2026-07-31,Háje,XPO,2
2026-07-31,Háje,XL,2
2026-07-31,Ostrava,XPO,9
2026-07-31,Ostrava,XL,1
2026-07-31,Plzeň město,XPO,12
2026-07-31,Plzeň město,XL,2
2026-07-31,Počernice,XL,2
2026-07-31,Praha - centrála,XPO,33
2026-07-31,Praha - centrála,XL,24
2026-07-31,Praha - centrála,VB,9
2026-07-31,SKLC3,SPO,1
2026-07-31,SKLC3,BPO,1
2026-07-31,SKLC3,XPO,249
2026-07-31,SKLC3,XL,30
2026-07-31,SKLC3,VB,72
2026-07-31,Čakovice,XL,3
2026-07-31,Čakovice,VB,2
2026-08-01,Anděl,XPO,2
2026-08-01,Brno,XPO,14
2026-08-01,CZLC4,SPO,2
2026-08-01,CZLC4,BPO,1
2026-08-01,Háje,XPO,1
2026-08-01,Háje,XL,1
2026-08-01,Ostrava,XPO,3
2026-08-01,Ostrava,XL,4
2026-08-01,Plzeň město,XPO,3
2026-08-01,Praha - centrála,XPO,77
2026-08-01,Praha - centrála,XL,29
2026-08-01,Praha - centrála,VB,7
2026-08-01,SKLC3,XPO,197
2026-08-01,SKLC3,XL,19
2026-08-01,SKLC3,VB,81
2026-08-01,Čakovice,XL,8
2026-08-01,Čakovice,VB,2
2026-08-02,Anděl,XPO,5
2026-08-02,Brno,XPO,10
2026-08-02,Brno,XL,10
2026-08-02,CZLC4,SPO,3
2026-08-02,CZLC4,BPO,10
2026-08-02,Háje,XPO,6
2026-08-02,Háje,XL,4
2026-08-02,Ostrava,XPO,1
2026-08-02,Plzeň město,XPO,11
2026-08-02,Plzeň město,XL,6
2026-08-02,Počernice,XPO,8
2026-08-02,Praha - centrála,XPO,50
2026-08-02,Praha - centrála,XL,19
2026-08-02,Praha - centrála,VB,7
2026-08-02,SKLC3,XPO,203
2026-08-02,SKLC3,XL,14
2026-08-02,SKLC3,VB,44
2026-08-02,Čakovice,VB,3
2026-08-03,Brno,XPO,3
2026-08-03,CZLC4,SPO,27
2026-08-03,CZLC4,BPO,88
2026-08-03,Háje,XPO,2
2026-08-03,Háje,XL,2
2026-08-03,Ostrava,XPO,3
2026-08-03,Ostrava,XL,1
2026-08-03,Plzeň město,XPO,8
2026-08-03,Počernice,XL,4
2026-08-03,Praha - centrála,XPO,45
2026-08-03,Praha - centrála,XL,23
2026-08-03,Praha - centrála,VB,6
2026-08-03,SKLC3,BPO,1
2026-08-03,SKLC3,XPO,337
2026-08-03,SKLC3,XL,55
2026-08-03,SKLC3,VB,132
2026-08-03,Čakovice,XL,8
2026-08-03,Čakovice,VB,7
2026-08-04,CZLC4,SPO,12
2026-08-04,CZLC4,BPO,4
2026-08-04,Háje,XPO,3
2026-08-04,Háje,XL,1
2026-08-04,Ostrava,XPO,6
2026-08-04,Ostrava,XL,5
2026-08-04,Počernice,XPO,5
2026-08-04,Počernice,XL,2
2026-08-04,Praha - centrála,XPO,47
2026-08-04,Praha - centrála,XL,15
2026-08-04,Praha - centrála,VB,9
2026-08-04,SKLC3,XPO,382
2026-08-04,SKLC3,XL,115
2026-08-04,SKLC3,VB,64
2026-08-04,Čakovice,XPO,1
2026-08-04,Čakovice,VB,3
2026-08-05,CZLC4,BPO,2
2026-08-05,Háje,XPO,10
2026-08-05,Háje,XL,6
2026-08-05,Ostrava,XPO,14
2026-08-05,Ostrava,XL,7
2026-08-05,Plzeň město,XL,2
2026-08-05,Pobočka Chrášťany,XPO,4
2026-08-05,Praha - centrála,XPO,87
2026-08-05,Praha - centrála,XL,19
2026-08-05,Praha - centrála,VB,4
2026-08-05,SKLC3,XPO,510
2026-08-05,SKLC3,XL,78
2026-08-05,SKLC3,VB,209
2026-08-05,Čakovice,XL,2
2026-08-05,Čakovice,VB,5
2026-08-06,CZLC4,SPO,5
2026-08-06,CZLC4,BPO,1
2026-08-06,Háje,XPO,7
2026-08-06,Háje,XL,5
2026-08-06,Ostrava,XPO,3
2026-08-06,Ostrava,XL,10
2026-08-06,Plzeň město,XPO,2
2026-08-06,Plzeň město,XL,7
2026-08-06,Praha - centrála,XPO,84
2026-08-06,Praha - centrála,XL,14
2026-08-06,Praha - centrála,VB,9
2026-08-06,SKLC3,XPO,344
2026-08-06,SKLC3,XL,38
2026-08-06,SKLC3,VB,176
2026-08-06,Čakovice,XL,4
2026-08-06,Čakovice,VB,5
2026-08-07,Budějovická,XL,7
2026-08-07,CZLC4,SPO,14
2026-08-07,CZLC4,BPO,2
2026-08-07,Háje,XPO,5
2026-08-07,Háje,XL,2
2026-08-07,Ostrava,XPO,6
2026-08-07,Ostrava,XL,2
2026-08-07,Plzeň město,XPO,32
2026-08-07,Pobočka Chrášťany,XPO,3
2026-08-07,Počernice,XPO,1
2026-08-07,Počernice,XL,6
2026-08-07,Praha - centrála,XPO,79
2026-08-07,Praha - centrála,XL,27
2026-08-07,Praha - centrála,VB,8
2026-08-07,SKLC3,XPO,433
2026-08-07,SKLC3,XL,98
2026-08-07,SKLC3,VB,308
2026-08-07,Čakovice,XL,2
2026-08-07,Čakovice,VB,4
2026-08-08,Anděl,XPO,19
2026-08-08,Budějovická,XL,17
2026-08-08,CZLC4,SPO,1
2026-08-08,CZLC4,BPO,33
2026-08-08,Háje,XPO,4
2026-08-08,Háje,XL,1
2026-08-08,Ostrava,XPO,15
2026-08-08,Ostrava,XL,1
2026-08-08,Plzeň město,XPO,6
2026-08-08,Plzeň město,XL,2
2026-08-08,Počernice,XPO,14
2026-08-08,Počernice,XL,2
2026-08-08,Praha - centrála,XPO,42
2026-08-08,Praha - centrála,XL,16
2026-08-08,Praha - centrála,VB,10
2026-08-08,SKLC3,BPO,7
2026-08-08,SKLC3,XPO,278
2026-08-08,SKLC3,XL,58
2026-08-08,SKLC3,VB,56
2026-08-08,Čakovice,XPO,15
2026-08-08,Čakovice,XL,4
2026-08-08,Čakovice,VB,4
2026-08-09,Anděl,XPO,4
2026-08-09,Anděl,XL,6
2026-08-09,Budějovická,XL,2
2026-08-09,CZLC4,SPO,11
2026-08-09,CZLC4,BPO,29
2026-08-09,Háje,XPO,2
2026-08-09,Háje,XL,8
2026-08-09,Ostrava,XPO,6
2026-08-09,Ostrava,XL,2
2026-08-09,Plzeň město,XL,2
2026-08-09,Počernice,XPO,4
2026-08-09,Praha - centrála,XPO,70
2026-08-09,Praha - centrála,XL,16
2026-08-09,Praha - centrála,VB,3
2026-08-09,SKLC3,SPO,2
2026-08-09,SKLC3,BPO,3
2026-08-09,SKLC3,XPO,121
2026-08-09,SKLC3,XL,28
2026-08-09,SKLC3,VB,54
2026-08-09,Čakovice,XPO,22
2026-08-09,Čakovice,XL,2
2026-08-09,Čakovice,VB,2
2026-08-10,Anděl,XL,6
2026-08-10,Budějovická,XL,6
2026-08-10,CZLC4,SPO,2
2026-08-10,Háje,XPO,7
2026-08-10,Háje,XL,1
2026-08-10,Ostrava,XPO,4
2026-08-10,Ostrava,XL,2
2026-08-10,Plzeň město,XL,2
2026-08-10,Počernice,XPO,1
2026-08-10,Praha - centrála,XPO,36
2026-08-10,Praha - centrála,XL,14
2026-08-10,Praha - centrála,VB,5
2026-08-10,SKLC3,XPO,221
2026-08-10,SKLC3,XL,82
2026-08-10,SKLC3,VB,140
2026-08-10,Čakovice,XL,4
2026-08-10,Čakovice,VB,3
2026-08-11,Budějovická,XL,4
2026-08-11,CZLC4,SPO,3
2026-08-11,CZLC4,BPO,2
2026-08-11,Háje,XL,2
2026-08-11,Ostrava,XPO,7
2026-08-11,Ostrava,XL,4
2026-08-11,Počernice,XL,2
2026-08-11,Praha - centrála,XPO,69
2026-08-11,Praha - centrála,XL,17
2026-08-11,Praha - centrála,VB,9
2026-08-11,SKLC3,XPO,418
2026-08-11,SKLC3,XL,114
2026-08-11,SKLC3,VB,133
2026-08-11,Čakovice,VB,2
2026-08-12,Anděl,XL,2
2026-08-12,Budějovická,XPO,1
2026-08-12,Budějovická,XL,6
2026-08-12,CZLC4,SPO,1
2026-08-12,Hradec,XL,2
2026-08-12,Háje,XPO,1
2026-08-12,Háje,XL,3
2026-08-12,Ostrava,XPO,11
2026-08-12,Ostrava,XL,2
2026-08-12,Plzeň město,XPO,7
2026-08-12,Praha - centrála,XPO,63
2026-08-12,Praha - centrála,XL,21
2026-08-12,Praha - centrála,VB,3
2026-08-12,SKLC3,SPO,1
2026-08-12,SKLC3,XPO,211
2026-08-12,SKLC3,XL,97
2026-08-12,SKLC3,VB,52
2026-08-12,Čakovice,VB,4
